record_id,date,campaign_name,channel,device,country,sessions,bounce_rate_pct,avg_session_duration_sec,pages_per_session,leads,mqls,sqls,opportunities,customers,ad_spend_usd,revenue_usd,conversion_rate_pct,cpl_usd,roas
1001,2026-01-01,Brand Awareness Q2,Organic Search,Tablet,Germany,181,32.7,54,6.22,8,3,1,1,0,0.0,0.0,4.42,0.0,
1002,2026-01-01,Retargeting - Cart Abandoners,Referral,Desktop,Australia,172,68.6,316,6.17,11,5,3,2,1,17.52,148.4,6.4,1.59,8.47
1000,2026-01-01,Summer Sale 2026,Paid Search,Desktop,Germany,175,33.2,97,2.74,15,5,3,1,1,356.89,158.57,8.57,23.79,0.44
1008,2026-01-02,Brand Awareness Q2,Affiliate,Desktop,Germany,181,27.3,133,6.0,12,9,3,0,0,170.04,0.0,6.63,14.17,0.0
1006,2026-01-02,Holiday Teaser,Paid Search,Mobile,Australia,201,61.2,99,5.92,16,5,1,0,0,381.11,0.0,7.96,23.82,0.0
1004,2026-01-02,Newsletter Signup Drive,Paid Search,Tablet,Germany,191,39.0,150,5.04,12,6,5,4,2,320.55,207.03,6.28,26.71,0.65
1007,2026-01-02,Referral Rewards,Social Media,Desktop,UAE,181,40.2,378,2.85,5,1,1,1,0,176.97,0.0,2.76,35.39,0.0
1005,2026-01-02,Spring Launch,Direct,Tablet,Canada,185,53.6,146,3.85,6,3,2,1,0,0.0,0.0,3.24,0.0,
1003,2026-01-02,Summer Sale 2026,Referral,Desktop,Australia,200,61.1,57,6.43,10,2,1,1,0,20.34,0.0,5.0,2.03,0.0
1010,2026-01-03,Brand Awareness Q2,Social Media,Mobile,Australia,130,36.6,274,5.51,2,2,1,1,0,167.29,0.0,1.54,83.64,0.0
1013,2026-01-03,Holiday Teaser,Email,Desktop,Australia,118,53.4,324,3.81,13,7,2,1,1,5.65,410.06,11.02,0.43,72.58
1011,2026-01-03,New Customer Promo,Social Media,Desktop,Germany,127,40.7,298,5.94,1,0,0,0,0,147.14,0.0,0.79,147.14,0.0
1009,2026-01-03,Product Webinar Series,Organic Search,Mobile,USA,118,62.6,148,2.11,11,6,4,3,2,0.0,226.81,9.32,0.0,
1012,2026-01-03,Spring Launch,Email,Tablet,USA,139,54.3,112,4.95,9,6,6,3,0,7.09,0.0,6.47,0.79,0.0
1014,2026-01-03,Summer Sale 2026,Social Media,Tablet,Australia,128,67.3,382,6.04,4,0,0,0,0,148.99,0.0,3.12,37.25,0.0
1015,2026-01-04,Newsletter Signup Drive,Paid Search,Mobile,USA,122,56.3,240,1.62,10,4,3,1,0,224.59,0.0,8.2,22.46,0.0
1019,2026-01-04,Product Webinar Series,Social Media,Desktop,India,109,58.2,235,4.4,6,4,1,1,1,109.35,433.3,5.5,18.22,3.96
1016,2026-01-04,Retargeting - Cart Abandoners,Affiliate,Desktop,UAE,114,48.0,215,5.41,7,3,1,0,0,117.66,0.0,6.14,16.81,0.0
1017,2026-01-04,Spring Launch,Organic Search,Mobile,India,130,26.7,334,3.05,10,4,2,1,0,0.0,0.0,7.69,0.0,
1018,2026-01-04,Summer Sale 2026,Email,Tablet,UAE,113,60.8,130,3.47,9,7,3,1,1,5.69,199.49,7.96,0.63,35.06
1021,2026-01-05,Brand Awareness Q2,Paid Search,Desktop,Canada,179,53.9,39,4.26,11,6,2,1,0,278.76,0.0,6.15,25.34,0.0
1023,2026-01-05,Free Trial Push,Direct,Tablet,UK,173,33.0,307,5.46,8,2,1,0,0,0.0,0.0,4.62,0.0,
1024,2026-01-05,Product Webinar Series,Direct,Mobile,UAE,175,42.5,34,5.99,12,8,3,2,1,0.0,411.34,6.86,0.0,
1020,2026-01-05,Retargeting - Cart Abandoners,Paid Search,Tablet,Germany,177,46.3,66,3.75,14,3,0,0,0,363.9,0.0,7.91,25.99,0.0
1022,2026-01-05,Spring Launch,Email,Mobile,Germany,207,29.2,282,1.48,19,10,6,3,0,8.7,0.0,9.18,0.46,0.0
1027,2026-01-06,Product Webinar Series,Social Media,Desktop,Germany,175,46.1,50,1.74,13,8,4,2,2,191.93,168.4,7.43,14.76,0.88
1025,2026-01-06,Retargeting - Cart Abandoners,Email,Mobile,USA,158,47.2,51,4.07,25,13,5,3,2,8.82,227.49,15.82,0.35,25.79
1026,2026-01-06,Summer Sale 2026,Paid Search,Tablet,Germany,178,28.8,395,3.12,8,4,3,2,1,346.83,110.1,4.49,43.35,0.32
1031,2026-01-07,Free Trial Push,Social Media,Desktop,UK,177,42.1,388,5.65,3,1,0,0,0,167.47,0.0,1.69,55.82,0.0
1029,2026-01-07,Holiday Teaser,Social Media,Tablet,Australia,182,52.9,132,2.12,6,4,2,2,2,231.45,497.19,3.3,38.57,2.15
1030,2026-01-07,New Customer Promo,Email,Tablet,Canada,179,67.7,298,4.41,12,4,2,2,0,10.42,0.0,6.7,0.87,0.0
1033,2026-01-07,Product Webinar Series,Affiliate,Desktop,UAE,169,63.3,234,4.13,9,6,3,3,1,168.67,272.46,5.33,18.74,1.62
1028,2026-01-07,Referral Rewards,Direct,Tablet,Australia,161,48.7,397,1.5,10,7,4,4,3,0.0,1229.17,6.21,0.0,
1032,2026-01-07,Spring Launch,Referral,Mobile,USA,195,59.6,379,5.69,9,5,0,0,0,23.37,0.0,4.62,2.6,0.0
1034,2026-01-08,New Customer Promo,Referral,Desktop,Canada,198,42.7,191,5.98,4,2,2,0,0,18.62,0.0,2.02,4.66,0.0
1035,2026-01-08,Newsletter Signup Drive,Email,Tablet,Canada,174,39.8,264,2.4,17,7,5,3,1,10.37,262.27,9.77,0.61,25.29
1036,2026-01-08,Referral Rewards,Referral,Mobile,Australia,156,32.6,133,2.06,5,3,1,1,0,13.68,0.0,3.21,2.74,0.0
1039,2026-01-09,Brand Awareness Q2,Paid Search,Mobile,USA,169,55.6,321,3.79,5,1,0,0,0,351.72,0.0,2.96,70.34,0.0
1038,2026-01-09,Free Trial Push,Organic Search,Mobile,Canada,166,29.8,195,3.98,7,4,3,1,1,0.0,276.88,4.22,0.0,
1037,2026-01-09,Spring Launch,Affiliate,Tablet,India,158,37.5,328,5.14,4,2,2,1,1,166.14,102.6,2.53,41.54,0.62
1040,2026-01-10,Free Trial Push,Social Media,Tablet,Australia,110,29.6,86,2.43,5,4,1,1,1,126.12,167.77,4.55,25.22,1.33
1041,2026-01-10,New Customer Promo,Referral,Desktop,UK,115,36.6,93,4.71,4,4,2,2,2,13.18,764.63,3.48,3.3,58.01
1044,2026-01-10,Product Webinar Series,Referral,Mobile,Canada,113,54.9,223,3.04,6,3,2,1,0,9.78,0.0,5.31,1.63,0.0
1043,2026-01-10,Referral Rewards,Affiliate,Tablet,USA,105,43.5,159,6.12,1,1,1,0,0,98.12,0.0,0.95,98.12,0.0
1042,2026-01-10,Spring Launch,Social Media,Desktop,Australia,143,31.9,208,3.98,3,3,1,1,0,144.0,0.0,2.1,48.0,0.0
1047,2026-01-11,Brand Awareness Q2,Direct,Mobile,UAE,135,53.9,286,4.03,5,3,0,0,0,0.0,0.0,3.7,0.0,
1046,2026-01-11,Product Webinar Series,Referral,Desktop,USA,129,59.3,354,2.95,8,4,2,1,1,10.49,290.86,6.2,1.31,27.73
1045,2026-01-11,Spring Launch,Paid Search,Desktop,UK,138,53.1,73,6.18,11,5,3,2,1,252.73,415.39,7.97,22.98,1.64
1048,2026-01-12,Free Trial Push,Direct,Mobile,Australia,170,66.9,239,4.86,10,6,5,2,1,0.0,402.69,5.88,0.0,
1049,2026-01-12,New Customer Promo,Paid Search,Mobile,Australia,203,66.4,351,3.9,12,7,2,2,2,414.93,252.25,5.91,34.58,0.61
1050,2026-01-12,Newsletter Signup Drive,Affiliate,Tablet,Canada,183,58.2,197,2.31,4,4,1,0,0,154.58,0.0,2.19,38.65,0.0
1053,2026-01-13,Brand Awareness Q2,Organic Search,Desktop,UK,182,35.0,115,4.73,9,6,3,3,1,0.0,90.03,4.95,0.0,
1051,2026-01-13,Free Trial Push,Direct,Tablet,India,178,43.7,61,6.48,7,2,1,1,0,0.0,0.0,3.93,0.0,
1054,2026-01-13,Newsletter Signup Drive,Organic Search,Mobile,USA,193,55.1,105,2.68,7,2,0,0,0,0.0,0.0,3.63,0.0,
1052,2026-01-13,Retargeting - Cart Abandoners,Email,Tablet,Canada,180,48.6,193,3.26,14,9,2,1,0,9.99,0.0,7.78,0.71,0.0
1058,2026-01-14,Holiday Teaser,Referral,Desktop,India,161,64.3,251,4.34,9,4,0,0,0,13.76,0.0,5.59,1.53,0.0
1055,2026-01-14,Newsletter Signup Drive,Direct,Tablet,USA,200,40.4,125,3.15,5,1,0,0,0,0.0,0.0,2.5,0.0,
1056,2026-01-14,Retargeting - Cart Abandoners,Paid Search,Desktop,USA,183,44.1,38,2.55,13,7,5,4,2,381.39,751.89,7.1,29.34,1.97
1057,2026-01-14,Summer Sale 2026,Affiliate,Mobile,USA,182,37.3,36,6.04,4,0,0,0,0,165.48,0.0,2.2,41.37,0.0
1063,2026-01-15,Brand Awareness Q2,Email,Mobile,UAE,172,56.3,155,5.01,27,11,7,7,2,7.29,216.95,15.7,0.27,29.76
1060,2026-01-15,Free Trial Push,Email,Mobile,UK,182,29.8,57,5.03,24,16,4,4,2,8.5,730.48,13.19,0.35,85.94
1061,2026-01-15,New Customer Promo,Organic Search,Desktop,Germany,180,45.1,98,4.03,6,3,2,1,1,0.0,431.59,3.33,0.0,
1062,2026-01-15,Product Webinar Series,Email,Mobile,Canada,198,33.1,240,6.04,23,11,4,4,4,10.71,1689.37,11.62,0.47,157.74
1064,2026-01-15,Referral Rewards,Direct,Desktop,Germany,154,64.4,225,6.17,10,5,3,0,0,0.0,0.0,6.49,0.0,
1059,2026-01-15,Retargeting - Cart Abandoners,Email,Desktop,UAE,186,41.0,296,2.7,20,10,2,2,0,8.89,0.0,10.75,0.44,0.0
1067,2026-01-16,Product Webinar Series,Email,Desktop,Canada,186,32.8,176,5.19,14,5,3,3,1,10.89,448.12,7.53,0.78,41.15
1066,2026-01-16,Referral Rewards,Paid Search,Desktop,Australia,146,52.6,91,6.45,12,7,5,5,3,309.55,758.82,8.22,25.8,2.45
1065,2026-01-16,Summer Sale 2026,Affiliate,Desktop,UK,174,37.9,139,2.36,6,2,1,1,0,132.2,0.0,3.45,22.03,0.0
1068,2026-01-17,Brand Awareness Q2,Organic Search,Mobile,UAE,131,63.8,329,4.64,5,2,1,1,0,0.0,0.0,3.82,0.0,
1069,2026-01-17,Holiday Teaser,Affiliate,Tablet,USA,127,28.4,344,3.77,4,2,0,0,0,101.51,0.0,3.15,25.38,0.0
1071,2026-01-17,Referral Rewards,Affiliate,Desktop,USA,133,37.9,258,6.4,9,5,1,1,1,120.06,82.36,6.77,13.34,0.69
1070,2026-01-17,Retargeting - Cart Abandoners,Organic Search,Tablet,Australia,125,56.4,281,4.44,6,3,2,1,0,0.0,0.0,4.8,0.0,
1074,2026-01-18,Holiday Teaser,Email,Mobile,UAE,125,54.5,131,6.23,12,10,4,3,1,5.21,331.78,9.6,0.43,63.68
1072,2026-01-18,New Customer Promo,Paid Search,Mobile,USA,129,56.0,55,2.73,10,8,4,3,3,195.28,1280.32,7.75,19.53,6.56
1073,2026-01-18,Referral Rewards,Paid Search,Mobile,USA,131,26.1,38,2.85,8,7,1,0,0,200.91,0.0,6.11,25.11,0.0
1075,2026-01-18,Retargeting - Cart Abandoners,Affiliate,Mobile,India,114,26.4,271,3.09,5,3,3,0,0,91.52,0.0,4.39,18.3,0.0
1076,2026-01-19,Free Trial Push,Organic Search,Tablet,Germany,197,60.8,208,1.73,8,4,1,1,0,0.0,0.0,4.06,0.0,
1077,2026-01-19,Holiday Teaser,Referral,Desktop,Germany,162,46.6,252,2.67,7,6,2,2,0,13.43,0.0,4.32,1.92,0.0
1078,2026-01-19,New Customer Promo,Social Media,Desktop,USA,188,39.7,221,1.57,3,3,3,1,1,211.73,83.62,1.6,70.58,0.39
1080,2026-01-19,Newsletter Signup Drive,Affiliate,Tablet,UK,150,48.7,300,1.54,10,4,3,2,1,132.43,318.12,6.67,13.24,2.4
1081,2026-01-19,Referral Rewards,Organic Search,Tablet,USA,153,57.4,114,6.48,8,6,1,0,0,0.0,0.0,5.23,0.0,
1079,2026-01-19,Spring Launch,Referral,Mobile,Australia,174,56.8,41,6.16,7,3,1,0,0,14.65,0.0,4.02,2.09,0.0
1085,2026-01-20,Holiday Teaser,Direct,Tablet,Australia,173,56.8,91,2.01,12,7,1,1,0,0.0,0.0,6.94,0.0,
1083,2026-01-20,Newsletter Signup Drive,Referral,Tablet,USA,183,53.4,301,1.81,12,5,2,0,0,16.18,0.0,6.56,1.35,0.0
1084,2026-01-20,Retargeting - Cart Abandoners,Referral,Desktop,Canada,166,68.6,125,4.65,10,6,4,2,1,14.37,224.7,6.02,1.44,15.64
1082,2026-01-20,Spring Launch,Organic Search,Tablet,UK,167,40.6,167,6.43,2,1,0,0,0,0.0,0.0,1.2,0.0,
1086,2026-01-21,Brand Awareness Q2,Email,Desktop,Germany,186,26.8,75,3.54,24,10,2,0,0,9.42,0.0,12.9,0.39,0.0
1090,2026-01-21,New Customer Promo,Organic Search,Desktop,Australia,183,39.6,165,3.24,9,5,2,1,0,0.0,0.0,4.92,0.0,
1088,2026-01-21,Product Webinar Series,Social Media,Desktop,USA,172,47.4,258,5.79,5,5,3,3,2,222.85,665.6,2.91,44.57,2.99
1087,2026-01-21,Retargeting - Cart Abandoners,Direct,Mobile,Canada,206,55.0,81,1.26,5,5,5,3,2,0.0,521.75,2.43,0.0,
1089,2026-01-21,Spring Launch,Email,Tablet,Australia,183,43.3,352,5.32,23,15,8,6,6,7.5,2649.33,12.57,0.33,353.24
1092,2026-01-22,Brand Awareness Q2,Social Media,Desktop,Canada,175,36.0,373,1.43,6,2,1,1,0,203.86,0.0,3.43,33.98,0.0
1091,2026-01-22,Free Trial Push,Organic Search,Desktop,India,188,63.9,222,3.69,6,2,1,0,0,0.0,0.0,3.19,0.0,
1094,2026-01-22,Holiday Teaser,Social Media,Tablet,UAE,166,61.9,357,2.33,3,2,1,1,0,215.57,0.0,1.81,71.86,0.0
1093,2026-01-22,New Customer Promo,Affiliate,Tablet,Germany,206,30.5,97,4.78,6,2,1,1,1,168.54,233.01,2.91,28.09,1.38
1096,2026-01-23,Brand Awareness Q2,Organic Search,Tablet,Australia,190,69.5,80,4.85,4,2,1,0,0,0.0,0.0,2.11,0.0,
1095,2026-01-23,Free Trial Push,Paid Search,Mobile,USA,168,45.3,247,2.01,14,9,5,3,1,253.48,310.83,8.33,18.11,1.23
1097,2026-01-23,Spring Launch,Paid Search,Mobile,India,176,39.6,113,3.02,16,13,6,4,0,366.75,0.0,9.09,22.92,0.0
1100,2026-01-24,Brand Awareness Q2,Email,Mobile,USA,142,60.2,292,1.3,9,4,3,1,1,6.04,385.65,6.34,0.67,63.85
1101,2026-01-24,Holiday Teaser,Organic Search,Mobile,UAE,120,48.2,370,3.78,2,1,0,0,0,0.0,0.0,1.67,0.0,
1098,2026-01-24,Product Webinar Series,Email,Mobile,UAE,108,50.1,300,3.61,9,4,2,1,1,6.47,324.88,8.33,0.72,50.21
1099,2026-01-24,Retargeting - Cart Abandoners,Organic Search,Desktop,Germany,107,40.6,276,5.4,4,3,0,0,0,0.0,0.0,3.74,0.0,
1102,2026-01-25,Brand Awareness Q2,Direct,Mobile,Australia,117,40.6,390,4.56,6,4,1,1,0,0.0,0.0,5.13,0.0,
1104,2026-01-25,Holiday Teaser,Direct,Desktop,Australia,120,27.6,398,1.41,3,2,1,0,0,0.0,0.0,2.5,0.0,
1103,2026-01-25,New Customer Promo,Organic Search,Desktop,USA,135,31.1,386,4.07,11,5,4,2,0,0.0,0.0,8.15,0.0,
1105,2026-01-25,Newsletter Signup Drive,Organic Search,Mobile,Australia,118,53.1,225,3.4,3,2,1,0,0,0.0,0.0,2.54,0.0,
1109,2026-01-26,Free Trial Push,Affiliate,Tablet,UAE,190,58.2,160,2.7,4,2,0,0,0,137.63,0.0,2.11,34.41,0.0
1107,2026-01-26,New Customer Promo,Paid Search,Tablet,UK,179,60.3,360,6.26,12,9,3,2,1,308.6,250.0,6.7,25.72,0.81
1106,2026-01-26,Referral Rewards,Social Media,Desktop,India,178,49.1,109,1.17,4,2,2,1,0,216.19,0.0,2.25,54.05,0.0
1108,2026-01-26,Summer Sale 2026,Direct,Desktop,India,192,28.0,221,1.91,10,6,4,2,2,0.0,614.31,5.21,0.0,
1111,2026-01-27,New Customer Promo,Direct,Mobile,UAE,175,38.2,392,4.35,7,4,0,0,0,0.0,0.0,4.0,0.0,
1110,2026-01-27,Newsletter Signup Drive,Email,Desktop,UK,174,38.3,314,4.47,14,4,1,0,0,7.25,0.0,8.05,0.52,0.0
1115,2026-01-27,Product Webinar Series,Email,Desktop,UAE,191,33.5,161,5.33,8,5,4,1,0,10.44,0.0,4.19,1.3,0.0
1113,2026-01-27,Referral Rewards,Direct,Desktop,India,186,49.5,394,6.16,15,7,4,1,1,0.0,145.65,8.06,0.0,
1112,2026-01-27,Retargeting - Cart Abandoners,Email,Tablet,UAE,183,30.5,103,5.89,21,8,6,3,1,10.77,169.06,11.48,0.51,15.7
1114,2026-01-27,Spring Launch,Paid Search,Tablet,USA,147,56.0,353,4.54,10,7,5,3,1,243.17,289.06,6.8,24.32,1.19
1118,2026-01-28,Holiday Teaser,Social Media,Desktop,UAE,187,39.8,190,1.58,7,6,2,1,1,200.78,134.56,3.74,28.68,0.67
1119,2026-01-28,New Customer Promo,Social Media,Mobile,Germany,168,51.4,98,3.06,14,8,4,4,2,176.21,583.19,8.33,12.59,3.31
1117,2026-01-28,Newsletter Signup Drive,Paid Search,Mobile,India,184,50.3,237,4.36,14,6,4,2,1,273.55,294.59,7.61,19.54,1.08
1120,2026-01-28,Referral Rewards,Referral,Mobile,Germany,173,45.6,208,1.82,10,5,4,2,0,15.13,0.0,5.78,1.51,0.0
1116,2026-01-28,Retargeting - Cart Abandoners,Paid Search,Desktop,Germany,182,45.2,297,5.89,8,6,4,1,1,392.64,216.27,4.4,49.08,0.55
1121,2026-01-28,Spring Launch,Affiliate,Tablet,India,157,37.7,126,2.43,6,3,1,1,1,116.94,101.11,3.82,19.49,0.86
1123,2026-01-29,Brand Awareness Q2,Organic Search,Tablet,Canada,200,50.4,201,6.35,16,6,2,1,1,0.0,153.3,8.0,0.0,
1124,2026-01-29,New Customer Promo,Social Media,Tablet,UAE,184,48.6,72,5.74,2,0,0,0,0,230.79,0.0,1.09,115.4,0.0
1122,2026-01-29,Spring Launch,Referral,Mobile,USA,201,49.0,182,2.98,13,5,2,0,0,23.37,0.0,6.47,1.8,0.0
1129,2026-01-30,Brand Awareness Q2,Direct,Desktop,India,167,55.1,264,2.0,11,5,4,2,2,0.0,888.24,6.59,0.0,
1126,2026-01-30,Free Trial Push,Direct,Mobile,USA,193,35.7,196,6.42,9,3,1,1,1,0.0,402.11,4.66,0.0,
1125,2026-01-30,Referral Rewards,Paid Search,Mobile,USA,189,49.5,53,3.87,15,6,2,1,0,328.19,0.0,7.94,21.88,0.0
1128,2026-01-30,Retargeting - Cart Abandoners,Direct,Tablet,Germany,171,37.5,393,1.86,10,6,3,2,1,0.0,415.27,5.85,0.0,
1127,2026-01-30,Spring Launch,Referral,Tablet,Germany,191,68.4,105,3.93,8,5,1,0,0,18.19,0.0,4.19,2.27,0.0
1132,2026-01-31,Free Trial Push,Direct,Mobile,Australia,124,32.9,346,2.33,7,5,5,4,1,0.0,105.77,5.65,0.0,
1133,2026-01-31,Holiday Teaser,Paid Search,Desktop,Canada,136,54.9,126,6.0,12,7,1,1,0,270.85,0.0,8.82,22.57,0.0
1135,2026-01-31,New Customer Promo,Direct,Desktop,Australia,142,30.1,290,4.02,7,4,4,2,1,0.0,402.92,4.93,0.0,
1131,2026-01-31,Product Webinar Series,Email,Mobile,Canada,126,35.8,82,2.98,10,6,3,2,1,7.12,117.24,7.94,0.71,16.47
1130,2026-01-31,Spring Launch,Referral,Mobile,Germany,138,33.4,347,5.52,2,1,0,0,0,11.48,0.0,1.45,5.74,0.0
1134,2026-01-31,Summer Sale 2026,Direct,Mobile,Germany,130,44.0,45,5.1,5,1,0,0,0,0.0,0.0,3.85,0.0,
1137,2026-02-01,Free Trial Push,Referral,Tablet,Germany,118,30.2,64,6.01,5,2,0,0,0,13.36,0.0,4.24,2.67,0.0
1139,2026-02-01,New Customer Promo,Email,Tablet,UK,125,41.3,204,1.35,10,3,1,0,0,5.18,0.0,8.0,0.52,0.0
1140,2026-02-01,Newsletter Signup Drive,Referral,Mobile,UAE,114,29.9,155,5.43,7,5,3,1,0,10.12,0.0,6.14,1.45,0.0
1136,2026-02-01,Referral Rewards,Paid Search,Mobile,UAE,111,65.2,98,1.53,5,3,1,1,0,213.21,0.0,4.5,42.64,0.0
1138,2026-02-01,Summer Sale 2026,Social Media,Mobile,Canada,130,51.6,289,2.38,5,3,1,1,1,149.13,313.58,3.85,29.83,2.1
1142,2026-02-02,Brand Awareness Q2,Social Media,Desktop,UAE,177,52.2,284,1.72,8,5,1,1,0,175.82,0.0,4.52,21.98,0.0
1143,2026-02-02,Product Webinar Series,Paid Search,Desktop,USA,175,55.1,281,3.05,8,3,0,0,0,296.7,0.0,4.57,37.09,0.0
1141,2026-02-02,Spring Launch,Affiliate,Desktop,Germany,183,30.9,131,3.23,10,3,3,1,1,178.02,447.34,5.46,17.8,2.51
1144,2026-02-02,Summer Sale 2026,Organic Search,Desktop,Canada,184,38.3,209,4.22,13,5,4,4,1,0.0,236.15,7.07,0.0,
1145,2026-02-03,Holiday Teaser,Direct,Tablet,Canada,147,60.5,195,5.41,6,3,1,0,0,0.0,0.0,4.08,0.0,
1146,2026-02-03,Referral Rewards,Email,Mobile,UK,194,65.1,157,1.93,21,11,5,3,0,9.43,0.0,10.82,0.45,0.0
1147,2026-02-03,Retargeting - Cart Abandoners,Paid Search,Tablet,Germany,185,26.2,217,6.31,9,5,3,3,2,285.12,519.34,4.86,31.68,1.82
1149,2026-02-04,Referral Rewards,Email,Desktop,Australia,176,40.4,129,6.32,15,7,4,3,0,7.73,0.0,8.52,0.52,0.0
1150,2026-02-04,Retargeting - Cart Abandoners,Paid Search,Desktop,Canada,182,42.8,44,3.67,10,5,2,1,1,343.41,154.49,5.49,34.34,0.45
1148,2026-02-04,Spring Launch,Paid Search,Tablet,Australia,175,52.1,335,6.41,8,1,1,1,1,291.56,408.71,4.57,36.44,1.4
1152,2026-02-05,Free Trial Push,Direct,Tablet,Canada,179,62.2,312,4.2,8,3,2,1,1,0.0,230.81,4.47,0.0,
1151,2026-02-05,Holiday Teaser,Email,Tablet,UAE,182,31.7,201,6.4,27,15,11,9,3,10.47,1287.89,14.84,0.39,123.01
1153,2026-02-05,Product Webinar Series,Affiliate,Tablet,Canada,213,46.5,284,5.0,9,3,3,2,1,224.4,87.07,4.23,24.93,0.39
1154,2026-02-05,Referral Rewards,Paid Search,Tablet,UAE,188,58.2,338,5.1,10,7,5,5,3,310.6,255.89,5.32,31.06,0.82
1156,2026-02-06,Brand Awareness Q2,Direct,Desktop,India,181,35.5,133,5.44,7,4,0,0,0,0.0,0.0,3.87,0.0,
1155,2026-02-06,Holiday Teaser,Affiliate,Tablet,Canada,163,30.0,329,6.22,9,4,3,3,1,121.23,209.06,5.52,13.47,1.72
1160,2026-02-06,New Customer Promo,Organic Search,Desktop,UK,195,25.2,91,4.95,14,5,4,2,1,0.0,340.43,7.18,0.0,
1159,2026-02-06,Product Webinar Series,Social Media,Mobile,Australia,173,29.6,163,2.56,2,1,1,0,0,208.64,0.0,1.16,104.32,0.0
1158,2026-02-06,Referral Rewards,Social Media,Desktop,India,155,53.3,50,5.14,5,2,1,1,0,155.79,0.0,3.23,31.16,0.0
1157,2026-02-06,Retargeting - Cart Abandoners,Email,Desktop,Germany,205,45.2,246,4.47,21,13,3,2,0,11.84,0.0,10.24,0.56,0.0
1162,2026-02-07,New Customer Promo,Referral,Mobile,Canada,135,54.0,176,4.95,8,2,1,1,0,14.79,0.0,5.93,1.85,0.0
1161,2026-02-07,Referral Rewards,Email,Mobile,India,131,27.4,314,3.35,11,9,7,4,1,6.21,216.83,8.4,0.56,34.92
1163,2026-02-07,Retargeting - Cart Abandoners,Organic Search,Desktop,UAE,116,62.6,35,3.15,4,0,0,0,0,0.0,0.0,3.45,0.0,
1164,2026-02-07,Summer Sale 2026,Email,Mobile,UAE,121,59.8,315,3.91,8,5,3,1,1,6.48,195.39,6.61,0.81,30.15
1167,2026-02-08,Holiday Teaser,Affiliate,Mobile,Australia,127,55.3,126,2.96,3,1,1,1,1,120.52,223.62,2.36,40.17,1.86
1165,2026-02-08,Newsletter Signup Drive,Organic Search,Mobile,India,135,38.5,269,6.36,1,1,0,0,0,0.0,0.0,0.74,0.0,
1166,2026-02-08,Referral Rewards,Affiliate,Mobile,UAE,137,58.6,205,1.41,9,6,2,0,0,110.8,0.0,6.57,12.31,0.0
1170,2026-02-09,Brand Awareness Q2,Affiliate,Mobile,Germany,215,60.7,365,6.2,20,7,3,1,0,230.74,0.0,9.3,11.54,0.0
1171,2026-02-09,Free Trial Push,Paid Search,Mobile,UK,165,35.3,264,2.3,11,5,2,1,0,280.02,0.0,6.67,25.46,0.0
1168,2026-02-09,Holiday Teaser,Email,Desktop,Canada,203,47.5,281,1.51,23,17,2,1,1,10.27,169.5,11.33,0.45,16.5
1169,2026-02-09,Retargeting - Cart Abandoners,Social Media,Tablet,Germany,171,60.7,345,2.41,5,4,1,0,0,213.96,0.0,2.92,42.79,0.0
1172,2026-02-10,Referral Rewards,Direct,Mobile,UK,173,59.2,167,3.22,6,5,3,1,1,0.0,96.62,3.47,0.0,
1174,2026-02-10,Spring Launch,Organic Search,Mobile,Canada,197,60.1,206,3.79,12,6,4,2,0,0.0,0.0,6.09,0.0,
1173,2026-02-10,Summer Sale 2026,Affiliate,Mobile,UK,210,26.8,43,2.05,10,5,3,1,1,189.45,161.72,4.76,18.94,0.85
1176,2026-02-11,Holiday Teaser,Affiliate,Desktop,Canada,173,48.5,50,6.35,9,6,2,2,1,124.56,234.13,5.2,13.84,1.88
1178,2026-02-11,New Customer Promo,Organic Search,Mobile,UK,175,67.8,45,2.53,16,10,6,3,1,0.0,296.0,9.14,0.0,
1179,2026-02-11,Newsletter Signup Drive,Direct,Desktop,UAE,184,56.3,299,5.75,13,6,2,1,1,0.0,420.77,7.07,0.0,
1177,2026-02-11,Product Webinar Series,Organic Search,Tablet,Australia,168,57.1,332,2.08,5,3,2,1,1,0.0,200.36,2.98,0.0,
1175,2026-02-11,Retargeting - Cart Abandoners,Social Media,Mobile,India,167,43.4,330,5.61,3,3,0,0,0,216.09,0.0,1.8,72.03,0.0
1182,2026-02-12,Free Trial Push,Email,Tablet,USA,171,38.8,160,4.45,20,10,6,6,1,8.72,186.42,11.7,0.44,21.38
1181,2026-02-12,Retargeting - Cart Abandoners,Paid Search,Desktop,UK,169,63.9,88,2.77,14,12,7,6,3,291.61,386.2,8.28,20.83,1.32
1180,2026-02-12,Summer Sale 2026,Affiliate,Desktop,Australia,171,60.4,301,3.18,5,5,2,1,1,146.54,140.32,2.92,29.31,0.96
1184,2026-02-13,Brand Awareness Q2,Direct,Desktop,UAE,167,58.2,290,3.38,6,2,2,1,1,0.0,229.33,3.59,0.0,
1183,2026-02-13,Holiday Teaser,Referral,Tablet,Germany,173,53.9,278,4.51,5,4,2,0,0,16.43,0.0,2.89,3.29,0.0
1185,2026-02-13,Product Webinar Series,Affiliate,Desktop,India,174,29.1,251,4.47,4,3,2,1,0,184.88,0.0,2.3,46.22,0.0
1186,2026-02-13,Spring Launch,Organic Search,Tablet,USA,186,32.0,379,5.08,11,6,3,1,1,0.0,119.19,5.91,0.0,
1189,2026-02-14,Free Trial Push,Organic Search,Tablet,UAE,117,62.7,327,5.54,2,1,0,0,0,0.0,0.0,1.71,0.0,
1187,2026-02-14,Newsletter Signup Drive,Organic Search,Tablet,Germany,139,55.3,391,1.65,8,5,2,1,1,0.0,149.76,5.76,0.0,
1190,2026-02-14,Product Webinar Series,Social Media,Tablet,Australia,143,51.3,229,2.55,4,2,0,0,0,149.19,0.0,2.8,37.3,0.0
1188,2026-02-14,Referral Rewards,Affiliate,Tablet,UK,111,34.0,354,5.09,5,2,2,1,0,108.45,0.0,4.5,21.69,0.0
1191,2026-02-14,Spring Launch,Affiliate,Desktop,UAE,122,38.2,194,1.22,7,3,2,1,1,90.65,385.15,5.74,12.95,4.25
1193,2026-02-15,Free Trial Push,Referral,Tablet,India,130,66.1,382,2.86,5,2,1,0,0,14.5,0.0,3.85,2.9,0.0
1192,2026-02-15,Product Webinar Series,Direct,Mobile,USA,120,54.9,356,5.5,4,4,2,2,0,0.0,0.0,3.33,0.0,
1194,2026-02-15,Referral Rewards,Organic Search,Mobile,UAE,121,44.8,255,1.97,10,4,2,2,2,0.0,713.78,8.26,0.0,
1198,2026-02-16,Holiday Teaser,Email,Mobile,Canada,176,57.6,228,5.62,13,10,8,4,2,7.93,167.38,7.39,0.61,21.11
1200,2026-02-16,Newsletter Signup Drive,Social Media,Mobile,UAE,176,34.9,159,3.11,3,3,2,0,0,198.17,0.0,1.7,66.06,0.0
1197,2026-02-16,Product Webinar Series,Referral,Tablet,UAE,177,31.4,286,2.21,14,6,4,2,1,14.99,204.77,7.91,1.07,13.66
1196,2026-02-16,Referral Rewards,Referral,Tablet,India,160,52.7,236,3.35,10,2,0,0,0,14.21,0.0,6.25,1.42,0.0
1199,2026-02-16,Retargeting - Cart Abandoners,Affiliate,Tablet,Australia,194,34.2,54,5.84,6,4,3,2,0,195.8,0.0,3.09,32.63,0.0
1195,2026-02-16,Spring Launch,Email,Desktop,Germany,187,65.1,119,3.01,16,5,2,1,0,7.55,0.0,8.56,0.47,0.0
1202,2026-02-17,Brand Awareness Q2,Referral,Tablet,Canada,182,65.1,307,6.0,13,7,4,2,1,15.8,152.14,7.14,1.22,9.63
1203,2026-02-17,Holiday Teaser,Social Media,Desktop,Canada,191,44.1,365,3.84,9,4,1,1,0,188.38,0.0,4.71,20.93,0.0
1204,2026-02-17,Newsletter Signup Drive,Affiliate,Mobile,UK,166,33.6,287,2.28,6,3,2,2,1,138.91,179.72,3.61,23.15,1.29
1201,2026-02-17,Spring Launch,Affiliate,Mobile,Australia,155,25.2,327,5.27,7,3,0,0,0,148.52,0.0,4.52,21.22,0.0
1207,2026-02-18,Brand Awareness Q2,Organic Search,Desktop,Germany,173,50.5,145,4.63,12,9,3,0,0,0.0,0.0,6.94,0.0,
1210,2026-02-18,Holiday Teaser,Email,Tablet,Germany,178,33.1,290,3.56,16,12,7,4,0,9.38,0.0,8.99,0.59,0.0
1208,2026-02-18,New Customer Promo,Email,Mobile,Australia,169,59.1,193,4.92,19,15,8,4,2,8.72,893.1,11.24,0.46,102.42
1206,2026-02-18,Product Webinar Series,Organic Search,Tablet,UK,173,28.0,65,6.49,8,1,0,0,0,0.0,0.0,4.62,0.0,
1209,2026-02-18,Referral Rewards,Affiliate,Desktop,Germany,176,57.2,249,1.39,12,8,3,0,0,167.87,0.0,6.82,13.99,0.0
1205,2026-02-18,Retargeting - Cart Abandoners,Direct,Mobile,Australia,184,64.6,120,4.11,13,6,1,1,0,0.0,0.0,7.07,0.0,
1211,2026-02-19,Holiday Teaser,Direct,Desktop,India,187,49.1,210,3.27,3,2,0,0,0,0.0,0.0,1.6,0.0,
1214,2026-02-19,New Customer Promo,Social Media,Mobile,Germany,158,68.8,310,6.33,2,1,0,0,0,150.68,0.0,1.27,75.34,0.0
1215,2026-02-19,Newsletter Signup Drive,Referral,Mobile,India,178,61.4,84,2.95,11,4,1,0,0,14.69,0.0,6.18,1.34,0.0
1216,2026-02-19,Retargeting - Cart Abandoners,Direct,Mobile,India,197,28.7,200,2.75,7,4,3,2,1,0.0,260.5,3.55,0.0,
1213,2026-02-19,Spring Launch,Email,Tablet,Australia,168,27.8,154,1.46,15,10,1,1,1,8.28,393.53,8.93,0.55,47.53
1212,2026-02-19,Summer Sale 2026,Direct,Tablet,India,164,64.6,356,4.66,11,6,1,0,0,0.0,0.0,6.71,0.0,
1217,2026-02-20,Brand Awareness Q2,Social Media,Desktop,Germany,194,41.7,102,3.74,5,3,1,1,1,255.18,409.12,2.58,51.04,1.6
1221,2026-02-20,Holiday Teaser,Referral,Tablet,Australia,185,65.9,203,3.62,8,2,2,0,0,16.34,0.0,4.32,2.04,0.0
1220,2026-02-20,Product Webinar Series,Email,Mobile,Germany,175,25.0,352,5.38,10,4,3,2,1,7.87,177.4,5.71,0.79,22.54
1218,2026-02-20,Retargeting - Cart Abandoners,Referral,Tablet,UK,190,50.5,244,3.74,14,9,3,1,0,22.43,0.0,7.37,1.6,0.0
1219,2026-02-20,Spring Launch,Paid Search,Desktop,Germany,186,68.6,241,1.87,12,9,3,1,1,306.1,423.04,6.45,25.51,1.38
1224,2026-02-21,Brand Awareness Q2,Social Media,Desktop,USA,118,55.5,239,6.12,2,2,1,1,0,143.96,0.0,1.69,71.98,0.0
1226,2026-02-21,New Customer Promo,Paid Search,Tablet,UAE,133,40.5,338,6.15,13,6,3,3,0,233.92,0.0,9.77,17.99,0.0
1225,2026-02-21,Newsletter Signup Drive,Referral,Mobile,Germany,123,55.5,147,5.68,7,3,1,1,1,11.15,306.24,5.69,1.59,27.47
1223,2026-02-21,Retargeting - Cart Abandoners,Direct,Tablet,UK,116,44.7,340,1.97,6,4,0,0,0,0.0,0.0,5.17,0.0,
1222,2026-02-21,Spring Launch,Paid Search,Mobile,USA,133,62.2,93,1.26,9,0,0,0,0,265.2,0.0,6.77,29.47,0.0
1229,2026-02-22,Brand Awareness Q2,Affiliate,Desktop,Canada,140,58.1,226,2.65,5,1,0,0,0,142.68,0.0,3.57,28.54,0.0
1232,2026-02-22,Product Webinar Series,Paid Search,Desktop,UAE,115,35.2,257,2.47,11,3,3,2,0,222.9,0.0,9.57,20.26,0.0
1231,2026-02-22,Referral Rewards,Direct,Tablet,USA,121,54.6,226,1.66,9,4,1,1,0,0.0,0.0,7.44,0.0,
1230,2026-02-22,Retargeting - Cart Abandoners,Email,Desktop,Australia,125,54.6,362,3.26,11,3,3,1,1,7.05,289.64,8.8,0.64,41.08
1227,2026-02-22,Spring Launch,Social Media,Desktop,USA,116,68.6,195,3.81,1,0,0,0,0,132.46,0.0,0.86,132.46,0.0
1228,2026-02-22,Summer Sale 2026,Social Media,Mobile,USA,118,43.1,357,5.94,5,3,1,1,0,138.29,0.0,4.24,27.66,0.0
1236,2026-02-23,Brand Awareness Q2,Email,Mobile,UAE,177,47.6,300,6.27,12,4,2,1,1,9.05,165.61,6.78,0.75,18.3
1237,2026-02-23,Free Trial Push,Referral,Mobile,India,168,62.5,229,5.66,18,9,5,2,1,18.98,134.18,10.71,1.05,7.07
1235,2026-02-23,Newsletter Signup Drive,Referral,Mobile,Canada,155,36.5,69,3.02,8,5,1,1,0,16.19,0.0,5.16,2.02,0.0
1234,2026-02-23,Retargeting - Cart Abandoners,Referral,Desktop,UAE,194,68.7,238,4.96,10,8,4,4,1,16.77,322.87,5.15,1.68,19.25
1233,2026-02-23,Spring Launch,Referral,Tablet,UAE,183,35.0,170,5.47,16,9,5,2,0,18.17,0.0,8.74,1.14,0.0
1238,2026-02-24,Newsletter Signup Drive,Direct,Desktop,India,177,68.5,176,5.03,9,6,2,2,0,0.0,0.0,5.08,0.0,
1240,2026-02-24,Retargeting - Cart Abandoners,Paid Search,Desktop,Australia,172,54.8,252,1.98,8,3,1,0,0,260.09,0.0,4.65,32.51,0.0
1239,2026-02-24,Spring Launch,Direct,Desktop,UK,174,33.2,260,2.3,16,6,5,2,1,0.0,427.26,9.2,0.0,
1241,2026-02-25,New Customer Promo,Email,Tablet,Australia,169,51.2,34,5.35,26,9,3,3,1,8.09,90.6,15.38,0.31,11.2
1243,2026-02-25,Referral Rewards,Paid Search,Mobile,Germany,168,42.8,226,1.97,10,6,5,3,1,295.4,203.73,5.95,29.54,0.69
1242,2026-02-25,Summer Sale 2026,Email,Mobile,USA,172,62.5,328,2.31,15,9,5,4,2,7.05,475.33,8.72,0.47,67.42
1244,2026-02-26,Holiday Teaser,Referral,Tablet,UAE,183,53.9,126,5.88,9,3,1,1,0,19.74,0.0,4.92,2.19,0.0
1247,2026-02-26,New Customer Promo,Paid Search,Mobile,UAE,168,50.9,188,2.59,13,4,2,2,1,314.88,332.54,7.74,24.22,1.06
1248,2026-02-26,Product Webinar Series,Paid Search,Desktop,USA,191,46.5,373,2.89,12,6,1,1,1,376.0,206.29,6.28,31.33,0.55
1246,2026-02-26,Retargeting - Cart Abandoners,Referral,Desktop,Germany,186,62.0,235,5.31,12,6,2,1,1,21.83,334.96,6.45,1.82,15.34
1245,2026-02-26,Spring Launch,Paid Search,Mobile,USA,200,37.2,60,6.46,11,6,3,2,1,339.91,328.37,5.5,30.9,0.97
1249,2026-02-27,Brand Awareness Q2,Email,Tablet,India,179,27.3,359,4.22,10,5,2,0,0,9.54,0.0,5.59,0.95,0.0
1251,2026-02-27,Holiday Teaser,Referral,Tablet,Canada,209,31.1,64,5.59,7,4,2,1,1,21.37,206.81,3.35,3.05,9.68
1250,2026-02-27,Newsletter Signup Drive,Direct,Mobile,India,182,60.6,280,4.77,3,2,1,1,0,0.0,0.0,1.65,0.0,
1252,2026-02-27,Summer Sale 2026,Email,Desktop,Australia,203,36.5,34,4.02,13,6,0,0,0,11.01,0.0,6.4,0.85,0.0
1255,2026-02-28,Brand Awareness Q2,Organic Search,Tablet,UAE,131,52.8,344,2.16,7,4,0,0,0,0.0,0.0,5.34,0.0,
1254,2026-02-28,Product Webinar Series,Direct,Tablet,Australia,124,30.8,244,4.84,15,6,2,1,0,0.0,0.0,12.1,0.0,
1253,2026-02-28,Referral Rewards,Organic Search,Desktop,UK,127,29.3,95,6.43,4,2,0,0,0,0.0,0.0,3.15,0.0,
1260,2026-03-01,Brand Awareness Q2,Social Media,Mobile,Germany,123,52.1,245,3.27,4,4,1,0,0,116.44,0.0,3.25,29.11,0.0
1258,2026-03-01,New Customer Promo,Direct,Mobile,USA,106,51.3,388,3.14,5,3,2,0,0,0.0,0.0,4.72,0.0,
1256,2026-03-01,Newsletter Signup Drive,Direct,Mobile,India,112,53.7,333,1.32,6,1,0,0,0,0.0,0.0,5.36,0.0,
1259,2026-03-01,Retargeting - Cart Abandoners,Email,Mobile,Canada,107,43.0,72,5.87,7,0,0,0,0,5.25,0.0,6.54,0.75,0.0
1257,2026-03-01,Summer Sale 2026,Paid Search,Tablet,Canada,125,50.0,162,6.02,6,2,1,1,0,197.09,0.0,4.8,32.85,0.0
1261,2026-03-02,New Customer Promo,Direct,Mobile,India,174,61.1,229,1.53,5,4,2,0,0,0.0,0.0,2.87,0.0,
1262,2026-03-02,Product Webinar Series,Direct,Mobile,UAE,182,46.5,263,5.57,7,2,1,1,1,0.0,109.67,3.85,0.0,
1263,2026-03-02,Referral Rewards,Affiliate,Tablet,USA,192,67.1,278,3.7,6,1,1,0,0,173.93,0.0,3.12,28.99,0.0
1266,2026-03-03,Brand Awareness Q2,Referral,Mobile,Canada,153,27.3,177,3.86,11,6,2,0,0,13.48,0.0,7.19,1.23,0.0
1267,2026-03-03,New Customer Promo,Organic Search,Desktop,Australia,179,27.2,66,1.34,7,6,2,0,0,0.0,0.0,3.91,0.0,
1265,2026-03-03,Product Webinar Series,Organic Search,Tablet,UAE,194,53.2,241,2.1,10,4,1,1,0,0.0,0.0,5.15,0.0,
1269,2026-03-03,Retargeting - Cart Abandoners,Email,Tablet,Canada,163,68.1,251,5.03,10,5,3,2,0,7.1,0.0,6.13,0.71,0.0
1264,2026-03-03,Spring Launch,Affiliate,Tablet,UAE,158,42.2,110,3.49,3,1,0,0,0,147.86,0.0,1.9,49.29,0.0
1268,2026-03-03,Summer Sale 2026,Social Media,Tablet,UAE,166,30.5,221,2.43,2,1,0,0,0,158.49,0.0,1.2,79.24,0.0
1271,2026-03-04,Brand Awareness Q2,Email,Desktop,USA,169,61.2,350,1.42,15,7,5,4,2,8.71,776.13,8.88,0.58,89.11
1272,2026-03-04,New Customer Promo,Direct,Tablet,UAE,188,65.8,396,2.22,9,4,3,2,0,0.0,0.0,4.79,0.0,
1270,2026-03-04,Retargeting - Cart Abandoners,Social Media,Mobile,Germany,173,28.3,133,2.99,2,1,0,0,0,188.4,0.0,1.16,94.2,0.0
1274,2026-03-05,Brand Awareness Q2,Affiliate,Desktop,Canada,170,38.0,32,3.78,9,5,1,0,0,159.08,0.0,5.29,17.68,0.0
1276,2026-03-05,Free Trial Push,Paid Search,Mobile,Germany,199,50.0,247,3.4,16,7,2,0,0,321.93,0.0,8.04,20.12,0.0
1273,2026-03-05,New Customer Promo,Email,Desktop,UK,174,41.0,318,4.15,15,8,3,2,0,9.54,0.0,8.62,0.64,0.0
1275,2026-03-05,Summer Sale 2026,Organic Search,Tablet,UAE,171,26.0,348,4.22,6,5,1,1,0,0.0,0.0,3.51,0.0,
1278,2026-03-06,Brand Awareness Q2,Referral,Desktop,Canada,178,31.2,347,3.8,13,3,2,2,1,16.06,161.64,7.3,1.24,10.06
1277,2026-03-06,Free Trial Push,Email,Desktop,Canada,184,25.9,86,5.89,9,6,2,2,1,10.3,425.12,4.89,1.14,41.27
1280,2026-03-06,Holiday Teaser,Direct,Desktop,UAE,187,65.9,166,5.16,7,4,2,2,0,0.0,0.0,3.74,0.0,
1279,2026-03-06,Referral Rewards,Paid Search,Tablet,Australia,187,68.5,175,1.81,18,8,6,2,1,372.4,335.91,9.63,20.69,0.9
1281,2026-03-06,Retargeting - Cart Abandoners,Organic Search,Mobile,UAE,200,64.4,141,5.74,12,5,2,0,0,0.0,0.0,6.0,0.0,
1284,2026-03-07,Brand Awareness Q2,Email,Desktop,Canada,122,55.2,287,3.06,13,7,4,1,1,5.14,390.38,10.66,0.4,75.95
1283,2026-03-07,Free Trial Push,Referral,Tablet,Germany,130,57.3,205,5.69,14,9,4,2,1,11.28,99.84,10.77,0.81,8.85
1287,2026-03-07,New Customer Promo,Referral,Mobile,Canada,123,66.4,157,1.4,8,5,2,1,0,14.74,0.0,6.5,1.84,0.0
1282,2026-03-07,Product Webinar Series,Direct,Mobile,UAE,137,31.2,382,2.88,6,3,1,1,0,0.0,0.0,4.38,0.0,
1285,2026-03-07,Referral Rewards,Referral,Mobile,India,138,42.7,81,1.16,6,6,3,2,2,12.69,733.87,4.35,2.11,57.83
1286,2026-03-07,Summer Sale 2026,Social Media,Tablet,UAE,127,54.8,250,3.34,3,1,1,1,1,125.73,107.14,2.36,41.91,0.85
1292,2026-03-08,Free Trial Push,Email,Desktop,UK,118,29.8,382,1.43,5,3,1,0,0,5.88,0.0,4.24,1.18,0.0
1289,2026-03-08,Newsletter Signup Drive,Email,Tablet,UAE,108,27.4,100,1.31,12,5,2,1,0,6.47,0.0,11.11,0.54,0.0
1290,2026-03-08,Referral Rewards,Email,Mobile,Germany,123,59.0,121,4.01,9,5,2,1,1,6.11,445.15,7.32,0.68,72.86
1288,2026-03-08,Retargeting - Cart Abandoners,Organic Search,Mobile,Germany,116,58.4,92,1.75,0,0,0,0,0,0.0,0.0,0.0,0.0,
1291,2026-03-08,Spring Launch,Affiliate,Tablet,UK,111,61.8,154,5.57,0,0,0,0,0,96.04,0.0,0.0,0.0,0.0
1296,2026-03-09,Brand Awareness Q2,Social Media,Mobile,Australia,166,66.3,358,4.48,4,4,3,2,0,156.75,0.0,2.41,39.19,0.0
1294,2026-03-09,Holiday Teaser,Email,Tablet,UK,165,49.5,89,4.83,10,4,1,1,0,7.84,0.0,6.06,0.78,0.0
1295,2026-03-09,Newsletter Signup Drive,Organic Search,Mobile,UAE,165,67.9,160,1.33,10,5,2,1,0,0.0,0.0,6.06,0.0,
1297,2026-03-09,Retargeting - Cart Abandoners,Direct,Mobile,Germany,193,53.9,252,4.86,7,4,2,2,0,0.0,0.0,3.63,0.0,
1293,2026-03-09,Spring Launch,Organic Search,Tablet,UK,172,68.0,121,5.74,4,4,3,2,1,0.0,108.81,2.33,0.0,
1299,2026-03-10,Free Trial Push,Affiliate,Mobile,UAE,157,32.3,387,2.21,3,3,0,0,0,130.43,0.0,1.91,43.48,0.0
1298,2026-03-10,Product Webinar Series,Social Media,Tablet,Germany,175,52.4,119,3.19,4,3,2,1,0,178.34,0.0,2.29,44.58,0.0
1300,2026-03-10,Referral Rewards,Referral,Desktop,Australia,190,51.9,355,1.37,14,9,6,3,1,22.44,353.03,7.37,1.6,15.73
1302,2026-03-11,Brand Awareness Q2,Organic Search,Tablet,Germany,196,41.1,264,2.11,15,7,3,3,1,0.0,357.12,7.65,0.0,
1303,2026-03-11,Newsletter Signup Drive,Affiliate,Desktop,Canada,190,65.4,224,4.92,5,3,3,0,0,166.01,0.0,2.63,33.2,0.0
1301,2026-03-11,Retargeting - Cart Abandoners,Direct,Desktop,Canada,170,61.5,156,3.44,9,6,5,3,2,0.0,724.01,5.29,0.0,
1304,2026-03-12,Brand Awareness Q2,Affiliate,Desktop,India,170,54.8,340,4.07,3,0,0,0,0,182.21,0.0,1.76,60.74,0.0
1306,2026-03-12,Free Trial Push,Paid Search,Desktop,Australia,194,49.1,265,2.16,12,8,6,3,1,302.48,341.44,6.19,25.21,1.13
1307,2026-03-12,New Customer Promo,Email,Tablet,Germany,168,30.5,142,3.98,14,8,6,2,0,6.9,0.0,8.33,0.49,0.0
1305,2026-03-12,Summer Sale 2026,Social Media,Mobile,Canada,164,65.4,74,2.87,6,1,0,0,0,191.11,0.0,3.66,31.85,0.0
1311,2026-03-13,Brand Awareness Q2,Email,Tablet,India,177,30.3,46,3.46,15,5,3,1,0,7.27,0.0,8.47,0.48,0.0
1308,2026-03-13,New Customer Promo,Affiliate,Mobile,Australia,182,33.6,276,4.47,5,1,0,0,0,180.98,0.0,2.75,36.2,0.0
1309,2026-03-13,Newsletter Signup Drive,Direct,Desktop,Canada,184,40.6,375,6.08,8,5,4,2,1,0.0,286.52,4.35,0.0,
1310,2026-03-13,Spring Launch,Referral,Desktop,UK,180,52.6,117,3.71,7,4,4,2,0,21.4,0.0,3.89,3.06,0.0
1312,2026-03-14,Brand Awareness Q2,Paid Search,Desktop,Canada,136,59.5,387,6.34,4,2,1,0,0,231.76,0.0,2.94,57.94,0.0
1314,2026-03-14,Holiday Teaser,Direct,Mobile,Germany,127,52.1,59,4.79,8,4,0,0,0,0.0,0.0,6.3,0.0,
1315,2026-03-14,New Customer Promo,Social Media,Mobile,UAE,143,59.2,280,2.73,4,3,1,1,0,138.54,0.0,2.8,34.64,0.0
1317,2026-03-14,Newsletter Signup Drive,Affiliate,Mobile,USA,110,56.5,313,6.12,5,4,2,1,1,90.11,202.9,4.55,18.02,2.25
1316,2026-03-14,Product Webinar Series,Social Media,Desktop,Canada,116,44.1,239,1.21,2,2,1,1,0,112.47,0.0,1.72,56.24,0.0
1313,2026-03-14,Summer Sale 2026,Social Media,Tablet,India,137,46.9,367,4.4,3,2,1,0,0,176.3,0.0,2.19,58.77,0.0
1320,2026-03-15,Brand Awareness Q2,Organic Search,Tablet,UAE,115,54.9,185,4.89,2,0,0,0,0,0.0,0.0,1.74,0.0,
1321,2026-03-15,Free Trial Push,Direct,Tablet,USA,123,63.9,199,3.67,5,5,4,2,1,0.0,375.19,4.07,0.0,
1319,2026-03-15,Product Webinar Series,Direct,Mobile,India,122,27.6,140,3.66,9,6,2,1,0,0.0,0.0,7.38,0.0,
1318,2026-03-15,Referral Rewards,Social Media,Desktop,UAE,116,53.9,295,6.37,1,0,0,0,0,117.62,0.0,0.86,117.62,0.0
1322,2026-03-16,Brand Awareness Q2,Referral,Mobile,Germany,175,50.1,50,6.35,7,4,2,0,0,15.43,0.0,4.0,2.2,0.0
1326,2026-03-16,Holiday Teaser,Direct,Tablet,USA,171,68.5,379,2.91,18,8,2,1,0,0.0,0.0,10.53,0.0,
1324,2026-03-16,Product Webinar Series,Direct,Tablet,UAE,166,46.0,254,3.41,10,9,4,1,0,0.0,0.0,6.02,0.0,
1327,2026-03-16,Referral Rewards,Social Media,Mobile,USA,183,69.8,136,4.01,6,5,4,4,1,216.83,351.27,3.28,36.14,1.62
1323,2026-03-16,Retargeting - Cart Abandoners,Affiliate,Tablet,UAE,180,40.4,395,3.72,10,3,1,1,0,151.16,0.0,5.56,15.12,0.0
1325,2026-03-16,Spring Launch,Paid Search,Tablet,USA,200,68.1,82,4.23,14,9,6,2,1,353.21,183.12,7.0,25.23,0.52
1330,2026-03-17,Brand Awareness Q2,Referral,Tablet,India,183,68.1,121,2.98,9,5,3,1,1,16.43,437.69,4.92,1.83,26.64
1328,2026-03-17,New Customer Promo,Email,Desktop,UK,181,59.7,93,3.18,20,12,7,3,3,9.45,651.78,11.05,0.47,68.97
1331,2026-03-17,Newsletter Signup Drive,Affiliate,Desktop,India,178,39.2,211,2.83,8,5,0,0,0,152.91,0.0,4.49,19.11,0.0
1332,2026-03-17,Product Webinar Series,Affiliate,Mobile,UAE,167,51.8,303,2.24,8,4,3,1,0,160.93,0.0,4.79,20.12,0.0
1329,2026-03-17,Spring Launch,Paid Search,Tablet,India,174,48.0,194,6.32,14,8,5,1,0,251.7,0.0,8.05,17.98,0.0
1337,2026-03-18,Free Trial Push,Social Media,Tablet,USA,180,56.8,69,5.29,4,1,0,0,0,231.88,0.0,2.22,57.97,0.0
1335,2026-03-18,Holiday Teaser,Email,Tablet,India,174,57.7,286,6.43,9,8,3,1,1,7.98,245.14,5.17,0.89,30.72
1333,2026-03-18,Product Webinar Series,Affiliate,Desktop,UAE,195,35.7,109,3.32,9,2,2,1,0,149.22,0.0,4.62,16.58,0.0
1334,2026-03-18,Spring Launch,Direct,Tablet,Germany,188,60.0,347,5.66,8,3,2,0,0,0.0,0.0,4.26,0.0,
1336,2026-03-18,Summer Sale 2026,Organic Search,Mobile,USA,168,48.3,48,2.36,12,6,2,1,1,0.0,313.74,7.14,0.0,
1339,2026-03-19,Brand Awareness Q2,Email,Desktop,Australia,193,28.4,71,1.37,10,6,1,0,0,10.92,0.0,5.18,1.09,0.0
1341,2026-03-19,Holiday Teaser,Paid Search,Tablet,USA,189,41.3,335,4.89,25,13,6,3,0,331.92,0.0,13.23,13.28,0.0
1343,2026-03-19,New Customer Promo,Social Media,Tablet,Canada,173,45.7,58,4.72,2,0,0,0,0,220.05,0.0,1.16,110.02,0.0
1342,2026-03-19,Newsletter Signup Drive,Direct,Mobile,Germany,178,54.8,294,2.55,8,5,2,2,1,0.0,332.53,4.49,0.0,
1338,2026-03-19,Product Webinar Series,Organic Search,Tablet,UK,193,49.5,79,4.83,7,4,2,2,0,0.0,0.0,3.63,0.0,
1340,2026-03-19,Referral Rewards,Referral,Mobile,Australia,170,36.9,133,6.13,8,5,2,1,0,15.92,0.0,4.71,1.99,0.0
1346,2026-03-20,Free Trial Push,Paid Search,Mobile,Canada,173,55.4,347,6.3,11,5,2,1,0,264.83,0.0,6.36,24.08,0.0
1344,2026-03-20,New Customer Promo,Social Media,Mobile,USA,194,44.7,156,4.05,8,6,2,2,2,174.88,784.36,4.12,21.86,4.49
1345,2026-03-20,Summer Sale 2026,Organic Search,Desktop,Australia,158,27.2,241,5.53,5,1,0,0,0,0.0,0.0,3.16,0.0,
1347,2026-03-21,Free Trial Push,Organic Search,Mobile,Australia,129,39.1,384,1.28,6,3,1,1,1,0.0,316.97,4.65,0.0,
1349,2026-03-21,New Customer Promo,Direct,Mobile,UK,128,41.0,238,2.46,5,0,0,0,0,0.0,0.0,3.91,0.0,
1351,2026-03-21,Product Webinar Series,Affiliate,Mobile,USA,114,40.9,272,4.0,6,1,1,0,0,119.99,0.0,5.26,20.0,0.0
1348,2026-03-21,Referral Rewards,Email,Mobile,USA,128,35.5,88,4.79,10,5,4,2,2,5.5,637.99,7.81,0.55,116.0
1350,2026-03-21,Retargeting - Cart Abandoners,Email,Mobile,UK,141,33.5,142,1.6,11,4,3,0,0,7.55,0.0,7.8,0.69,0.0
1352,2026-03-22,Free Trial Push,Paid Search,Desktop,UAE,130,55.3,392,6.42,8,3,2,0,0,202.51,0.0,6.15,25.31,0.0
1356,2026-03-22,New Customer Promo,Organic Search,Mobile,UK,125,53.3,183,2.0,9,7,1,1,0,0.0,0.0,7.2,0.0,
1353,2026-03-22,Product Webinar Series,Affiliate,Mobile,USA,130,32.9,353,5.08,3,1,1,1,1,137.41,428.08,2.31,45.8,3.12
1355,2026-03-22,Retargeting - Cart Abandoners,Direct,Tablet,USA,112,54.8,387,6.05,5,0,0,0,0,0.0,0.0,4.46,0.0,
1354,2026-03-22,Summer Sale 2026,Direct,Desktop,Germany,118,54.4,179,4.32,8,4,2,1,0,0.0,0.0,6.78,0.0,
1357,2026-03-23,Newsletter Signup Drive,Affiliate,Tablet,UK,171,45.1,292,5.05,3,0,0,0,0,153.7,0.0,1.75,51.23,0.0
1360,2026-03-23,Referral Rewards,Affiliate,Desktop,UAE,178,43.7,125,5.78,4,2,2,1,0,168.4,0.0,2.25,42.1,0.0
1358,2026-03-23,Retargeting - Cart Abandoners,Referral,Desktop,UAE,166,52.2,263,3.35,6,3,2,1,1,19.17,232.05,3.61,3.2,12.1
1359,2026-03-23,Spring Launch,Affiliate,Desktop,India,164,59.3,83,1.15,7,2,1,1,0,169.08,0.0,4.27,24.15,0.0
1361,2026-03-24,Brand Awareness Q2,Referral,Mobile,UAE,187,51.4,212,2.14,8,5,3,2,0,18.33,0.0,4.28,2.29,0.0
1363,2026-03-24,Free Trial Push,Affiliate,Desktop,UK,204,57.3,317,4.74,8,6,4,4,3,194.47,512.45,3.92,24.31,2.64
1362,2026-03-24,New Customer Promo,Paid Search,Desktop,Germany,179,34.9,90,3.29,14,9,4,1,0,315.35,0.0,7.82,22.52,0.0
1366,2026-03-25,Newsletter Signup Drive,Email,Tablet,USA,176,27.2,85,4.0,21,16,8,6,4,8.06,1729.34,11.93,0.38,214.56
1364,2026-03-25,Product Webinar Series,Organic Search,Desktop,India,184,25.9,355,6.31,5,5,3,3,0,0.0,0.0,2.72,0.0,
1365,2026-03-25,Retargeting - Cart Abandoners,Organic Search,Desktop,Germany,174,61.5,178,6.21,6,5,3,3,1,0.0,364.8,3.45,0.0,
1367,2026-03-26,Holiday Teaser,Referral,Tablet,USA,183,47.5,56,4.8,13,3,1,1,0,18.61,0.0,7.1,1.43,0.0
1368,2026-03-26,Newsletter Signup Drive,Email,Tablet,UK,180,61.2,332,6.39,12,8,4,4,0,9.46,0.0,6.67,0.79,0.0
1369,2026-03-26,Product Webinar Series,Referral,Desktop,Germany,180,30.8,296,1.65,9,5,2,1,0,16.29,0.0,5.0,1.81,0.0
1372,2026-03-27,Free Trial Push,Organic Search,Desktop,India,169,49.8,161,3.52,6,2,2,1,0,0.0,0.0,3.55,0.0,
1370,2026-03-27,Holiday Teaser,Email,Tablet,USA,185,56.5,310,1.67,16,10,3,2,0,8.98,0.0,8.65,0.56,0.0
1374,2026-03-27,Referral Rewards,Paid Search,Mobile,Australia,167,66.5,231,2.56,12,8,2,2,2,357.89,438.43,7.19,29.82,1.23
1373,2026-03-27,Retargeting - Cart Abandoners,Referral,Desktop,USA,218,58.4,49,5.7,9,4,2,1,0,22.36,0.0,4.13,2.48,0.0
1371,2026-03-27,Summer Sale 2026,Email,Tablet,Canada,180,40.0,212,4.19,20,13,8,5,3,10.19,687.91,11.11,0.51,67.51
1377,2026-03-28,Brand Awareness Q2,Affiliate,Tablet,Germany,121,26.5,305,5.01,8,4,2,1,0,89.86,0.0,6.61,11.23,0.0
1376,2026-03-28,Free Trial Push,Affiliate,Tablet,USA,114,53.7,326,3.62,6,5,0,0,0,98.93,0.0,5.26,16.49,0.0
1379,2026-03-28,Holiday Teaser,Affiliate,Desktop,Canada,129,34.5,73,6.34,6,3,0,0,0,107.69,0.0,4.65,17.95,0.0
1375,2026-03-28,Referral Rewards,Referral,Mobile,USA,131,60.4,218,2.72,8,7,0,0,0,15.72,0.0,6.11,1.96,0.0
1378,2026-03-28,Retargeting - Cart Abandoners,Affiliate,Tablet,Germany,114,27.5,82,1.39,3,1,0,0,0,98.8,0.0,2.63,32.93,0.0
1383,2026-03-29,Free Trial Push,Paid Search,Tablet,Canada,123,29.3,231,5.1,11,4,2,0,0,256.29,0.0,8.94,23.3,0.0
1385,2026-03-29,Holiday Teaser,Organic Search,Desktop,Canada,137,66.8,54,4.07,11,2,0,0,0,0.0,0.0,8.03,0.0,
1384,2026-03-29,Newsletter Signup Drive,Organic Search,Desktop,UAE,133,62.6,109,1.75,7,6,2,2,1,0.0,325.49,5.26,0.0,
1382,2026-03-29,Product Webinar Series,Direct,Mobile,India,114,30.5,394,5.32,3,1,0,0,0,0.0,0.0,2.63,0.0,
1381,2026-03-29,Referral Rewards,Social Media,Mobile,India,109,40.8,315,5.44,6,5,4,2,0,101.83,0.0,5.5,16.97,0.0
1380,2026-03-29,Retargeting - Cart Abandoners,Email,Tablet,USA,134,36.0,341,2.23,6,3,0,0,0,7.21,0.0,4.48,1.2,0.0
1387,2026-03-30,New Customer Promo,Social Media,Tablet,USA,176,44.9,169,3.08,7,5,2,2,1,215.12,221.47,3.98,30.73,1.03
1386,2026-03-30,Product Webinar Series,Referral,Tablet,Australia,183,68.5,197,1.87,8,6,3,1,0,20.99,0.0,4.37,2.62,0.0
1388,2026-03-30,Summer Sale 2026,Email,Mobile,UAE,181,49.6,162,1.54,15,10,7,4,0,9.48,0.0,8.29,0.63,0.0
1390,2026-03-31,Brand Awareness Q2,Direct,Mobile,UK,169,66.4,388,4.02,12,9,7,3,1,0.0,290.62,7.1,0.0,
1391,2026-03-31,Free Trial Push,Affiliate,Desktop,India,178,40.2,376,6.03,4,3,1,1,0,181.36,0.0,2.25,45.34,0.0
1394,2026-03-31,Holiday Teaser,Paid Search,Mobile,UAE,173,69.5,202,1.41,18,7,4,2,2,344.03,533.79,10.4,19.11,1.55
1392,2026-03-31,New Customer Promo,Affiliate,Tablet,India,168,50.1,304,2.61,10,5,2,0,0,148.76,0.0,5.95,14.88,0.0
1393,2026-03-31,Newsletter Signup Drive,Organic Search,Mobile,Australia,182,64.7,105,5.82,10,2,1,0,0,0.0,0.0,5.49,0.0,
1389,2026-03-31,Summer Sale 2026,Referral,Desktop,UK,176,33.5,200,2.65,3,2,0,0,0,19.32,0.0,1.7,6.44,0.0
1396,2026-04-01,Brand Awareness Q2,Affiliate,Mobile,India,170,44.4,148,6.0,3,2,1,0,0,173.88,0.0,1.76,57.96,0.0
1395,2026-04-01,Newsletter Signup Drive,Paid Search,Mobile,Germany,170,30.2,76,3.96,15,10,6,3,2,313.61,569.0,8.82,20.91,1.81
1397,2026-04-01,Summer Sale 2026,Social Media,Desktop,UK,167,37.1,330,1.4,1,0,0,0,0,197.37,0.0,0.6,197.37,0.0
1401,2026-04-02,Holiday Teaser,Email,Mobile,UK,202,34.5,323,2.11,14,6,3,2,2,8.71,326.99,6.93,0.62,37.54
1398,2026-04-02,Newsletter Signup Drive,Direct,Tablet,USA,181,48.8,76,4.3,14,6,1,0,0,0.0,0.0,7.73,0.0,
1399,2026-04-02,Referral Rewards,Organic Search,Tablet,Australia,179,57.2,253,2.71,4,0,0,0,0,0.0,0.0,2.23,0.0,
1400,2026-04-02,Spring Launch,Paid Search,Mobile,Canada,176,28.8,328,5.27,12,3,2,0,0,313.56,0.0,6.82,26.13,0.0
1402,2026-04-03,Brand Awareness Q2,Paid Search,Tablet,USA,175,68.5,129,3.77,17,15,4,1,0,275.75,0.0,9.71,16.22,0.0
1406,2026-04-03,Holiday Teaser,Email,Mobile,UK,161,64.1,312,2.44,19,10,6,5,1,9.46,194.09,11.8,0.5,20.52
1403,2026-04-03,Product Webinar Series,Direct,Desktop,India,158,68.0,118,2.85,5,3,2,1,0,0.0,0.0,3.16,0.0,
1404,2026-04-03,Spring Launch,Email,Tablet,Canada,166,66.4,130,3.1,11,6,2,2,1,6.9,341.52,6.63,0.63,49.5
1405,2026-04-03,Summer Sale 2026,Email,Tablet,Canada,183,63.4,307,2.57,24,11,5,1,0,8.42,0.0,13.11,0.35,0.0
1407,2026-04-04,Product Webinar Series,Social Media,Tablet,Germany,100,56.2,235,4.88,2,1,1,1,1,95.55,378.9,2.0,47.78,3.97
1408,2026-04-04,Referral Rewards,Referral,Mobile,Australia,123,37.0,181,5.95,8,5,3,1,1,12.27,411.06,6.5,1.53,33.5
1409,2026-04-04,Spring Launch,Direct,Mobile,USA,140,44.9,158,5.13,5,4,1,1,0,0.0,0.0,3.57,0.0,
1412,2026-04-05,Free Trial Push,Social Media,Desktop,USA,130,66.8,231,4.67,3,1,0,0,0,140.67,0.0,2.31,46.89,0.0
1410,2026-04-05,Referral Rewards,Social Media,Desktop,UAE,140,53.5,123,4.1,5,1,1,0,0,131.31,0.0,3.57,26.26,0.0
1413,2026-04-05,Spring Launch,Email,Tablet,Canada,140,44.2,250,1.58,12,5,1,1,1,5.81,386.21,8.57,0.48,66.47
1411,2026-04-05,Summer Sale 2026,Paid Search,Mobile,India,126,61.1,237,5.1,10,6,2,1,1,201.2,330.5,7.94,20.12,1.64
1417,2026-04-06,Brand Awareness Q2,Email,Desktop,Canada,151,39.3,202,2.64,13,7,2,1,1,6.96,227.44,8.61,0.54,32.68
1414,2026-04-06,New Customer Promo,Referral,Tablet,UAE,173,32.7,71,4.18,16,10,6,3,3,15.49,1281.68,9.25,0.97,82.74
1415,2026-04-06,Referral Rewards,Social Media,Desktop,Canada,197,50.8,399,2.65,9,7,2,2,0,212.33,0.0,4.57,23.59,0.0
1416,2026-04-06,Retargeting - Cart Abandoners,Affiliate,Tablet,USA,171,44.3,136,5.08,4,1,1,1,1,162.28,140.95,2.34,40.57,0.87
1420,2026-04-07,Free Trial Push,Organic Search,Mobile,UK,168,41.5,259,1.96,4,3,3,0,0,0.0,0.0,2.38,0.0,
1418,2026-04-07,Product Webinar Series,Direct,Tablet,Canada,215,40.0,147,5.28,8,2,1,0,0,0.0,0.0,3.72,0.0,
1419,2026-04-07,Referral Rewards,Social Media,Desktop,Canada,150,48.4,390,6.32,5,1,0,0,0,178.85,0.0,3.33,35.77,0.0
1426,2026-04-08,Free Trial Push,Referral,Tablet,USA,184,47.4,144,5.48,11,6,1,1,1,17.06,363.53,5.98,1.55,21.31
1424,2026-04-08,Holiday Teaser,Social Media,Desktop,India,178,36.8,49,2.35,6,2,2,1,0,159.6,0.0,3.37,26.6,0.0
1421,2026-04-08,Product Webinar Series,Email,Tablet,Canada,165,39.7,262,2.59,16,7,4,1,0,9.18,0.0,9.7,0.57,0.0
1423,2026-04-08,Referral Rewards,Affiliate,Mobile,Germany,177,41.1,85,3.85,7,4,1,0,0,186.81,0.0,3.95,26.69,0.0
1422,2026-04-08,Spring Launch,Referral,Desktop,Canada,202,52.9,155,5.72,13,11,4,3,3,20.22,332.04,6.44,1.56,16.42
1425,2026-04-08,Summer Sale 2026,Affiliate,Desktop,USA,193,27.2,107,4.16,7,6,2,1,0,167.58,0.0,3.63,23.94,0.0
1429,2026-04-09,New Customer Promo,Paid Search,Tablet,USA,194,46.2,88,1.27,7,2,0,0,0,321.71,0.0,3.61,45.96,0.0
1428,2026-04-09,Newsletter Signup Drive,Paid Search,Desktop,Australia,181,49.6,191,5.14,17,6,4,3,1,268.55,232.94,9.39,15.8,0.87
1427,2026-04-09,Product Webinar Series,Organic Search,Desktop,India,197,41.2,230,4.76,7,6,4,2,1,0.0,383.18,3.55,0.0,
1430,2026-04-09,Spring Launch,Paid Search,Tablet,Canada,209,62.4,313,2.99,8,5,1,0,0,306.8,0.0,3.83,38.35,0.0
1435,2026-04-10,Free Trial Push,Organic Search,Mobile,Canada,156,52.8,144,1.56,6,3,2,1,1,0.0,321.98,3.85,0.0,
1432,2026-04-10,Holiday Teaser,Email,Mobile,Germany,184,49.2,275,5.33,20,8,5,3,2,8.34,491.99,10.87,0.42,58.99
1436,2026-04-10,New Customer Promo,Email,Desktop,USA,188,26.3,120,5.86,16,13,7,2,1,8.5,104.79,8.51,0.53,12.33
1431,2026-04-10,Newsletter Signup Drive,Paid Search,Mobile,USA,175,58.6,233,5.51,6,2,2,1,1,261.9,211.87,3.43,43.65,0.81
1433,2026-04-10,Product Webinar Series,Social Media,Mobile,Australia,176,46.8,211,1.75,7,4,1,0,0,195.71,0.0,3.98,27.96,0.0
1434,2026-04-10,Referral Rewards,Organic Search,Mobile,Australia,193,41.4,190,4.47,15,9,4,2,0,0.0,0.0,7.77,0.0,
1437,2026-04-11,Brand Awareness Q2,Referral,Mobile,Canada,123,64.6,181,3.7,8,4,1,1,1,10.44,277.59,6.5,1.3,26.59
1439,2026-04-11,Free Trial Push,Direct,Desktop,Canada,132,51.1,300,3.32,5,2,2,2,1,0.0,196.34,3.79,0.0,
1440,2026-04-11,Newsletter Signup Drive,Affiliate,Tablet,Germany,129,42.0,307,1.62,2,1,0,0,0,115.31,0.0,1.55,57.66,0.0
1441,2026-04-11,Referral Rewards,Paid Search,Mobile,Australia,133,46.9,216,2.05,7,2,2,1,0,249.46,0.0,5.26,35.64,0.0
1438,2026-04-11,Spring Launch,Referral,Tablet,UAE,108,67.6,79,5.28,10,5,4,2,1,11.53,126.72,9.26,1.15,10.99
1442,2026-04-12,Free Trial Push,Direct,Desktop,Australia,135,67.0,97,2.46,7,2,0,0,0,0.0,0.0,5.19,0.0,
1446,2026-04-12,Holiday Teaser,Referral,Desktop,India,121,61.3,59,2.13,2,1,0,0,0,12.92,0.0,1.65,6.46,0.0
1443,2026-04-12,New Customer Promo,Direct,Desktop,USA,123,57.2,376,6.03,7,2,0,0,0,0.0,0.0,5.69,0.0,
1447,2026-04-12,Newsletter Signup Drive,Social Media,Mobile,Canada,122,29.3,310,4.37,2,1,0,0,0,154.33,0.0,1.64,77.17,0.0
1445,2026-04-12,Retargeting - Cart Abandoners,Email,Tablet,Australia,137,66.1,128,5.98,15,12,5,3,2,7.71,791.51,10.95,0.51,102.66
1444,2026-04-12,Summer Sale 2026,Paid Search,Tablet,Canada,146,40.2,205,4.41,6,1,1,1,0,215.08,0.0,4.11,35.85,0.0
1451,2026-04-13,Free Trial Push,Affiliate,Desktop,India,181,37.0,198,3.64,2,1,1,0,0,162.2,0.0,1.1,81.1,0.0
1452,2026-04-13,New Customer Promo,Organic Search,Tablet,Germany,173,46.6,168,3.76,8,5,1,1,0,0.0,0.0,4.62,0.0,
1450,2026-04-13,Newsletter Signup Drive,Affiliate,Tablet,Australia,178,33.5,242,2.26,6,2,0,0,0,141.91,0.0,3.37,23.65,0.0
1448,2026-04-13,Product Webinar Series,Referral,Tablet,Canada,183,29.8,212,1.97,9,4,1,0,0,19.93,0.0,4.92,2.21,0.0
1453,2026-04-13,Referral Rewards,Paid Search,Mobile,India,183,32.9,395,4.13,17,12,8,3,1,275.28,239.46,9.29,16.19,0.87
1449,2026-04-13,Summer Sale 2026,Social Media,Mobile,Germany,179,48.7,142,3.06,3,2,2,1,1,159.98,437.74,1.68,53.33,2.74
1456,2026-04-14,Brand Awareness Q2,Referral,Desktop,Germany,158,37.9,200,2.14,9,4,2,0,0,16.83,0.0,5.7,1.87,0.0
1457,2026-04-14,Holiday Teaser,Direct,Mobile,Australia,168,56.9,236,2.48,8,3,1,0,0,0.0,0.0,4.76,0.0,
1454,2026-04-14,New Customer Promo,Affiliate,Desktop,Germany,187,55.9,122,1.45,11,5,5,3,0,145.58,0.0,5.88,13.23,0.0
1459,2026-04-14,Newsletter Signup Drive,Social Media,Desktop,UK,175,48.1,177,3.78,4,3,1,0,0,156.95,0.0,2.29,39.24,0.0
1458,2026-04-14,Retargeting - Cart Abandoners,Social Media,Desktop,India,186,35.1,125,3.69,5,3,0,0,0,213.42,0.0,2.69,42.68,0.0
1455,2026-04-14,Spring Launch,Direct,Tablet,Germany,188,49.5,142,2.08,8,4,3,2,0,0.0,0.0,4.26,0.0,
1462,2026-04-15,Free Trial Push,Affiliate,Tablet,UAE,184,41.6,217,4.13,17,4,1,0,0,184.61,0.0,9.24,10.86,0.0
1460,2026-04-15,Holiday Teaser,Organic Search,Mobile,UAE,187,52.0,328,1.69,10,3,1,0,0,0.0,0.0,5.35,0.0,
1464,2026-04-15,Referral Rewards,Direct,Mobile,UAE,176,60.1,123,5.58,3,0,0,0,0,0.0,0.0,1.7,0.0,
1461,2026-04-15,Retargeting - Cart Abandoners,Affiliate,Desktop,Australia,176,67.6,183,2.87,10,2,2,1,0,134.94,0.0,5.68,13.49,0.0
1463,2026-04-15,Spring Launch,Direct,Tablet,USA,189,56.6,321,3.0,11,5,1,0,0,0.0,0.0,5.82,0.0,
1467,2026-04-16,New Customer Promo,Email,Desktop,Canada,162,25.5,399,2.62,15,9,2,1,1,9.69,157.48,9.26,0.65,16.25
1465,2026-04-16,Newsletter Signup Drive,Paid Search,Tablet,UAE,176,65.2,370,1.4,13,8,4,2,0,344.76,0.0,7.39,26.52,0.0
1466,2026-04-16,Referral Rewards,Referral,Desktop,Germany,194,55.2,175,1.11,11,6,1,0,0,22.63,0.0,5.67,2.06,0.0
1468,2026-04-16,Spring Launch,Social Media,Tablet,Germany,187,36.0,195,2.83,9,5,2,2,0,238.77,0.0,4.81,26.53,0.0
1470,2026-04-17,Brand Awareness Q2,Affiliate,Mobile,UAE,187,32.4,284,3.88,7,1,0,0,0,164.15,0.0,3.74,23.45,0.0
1469,2026-04-17,Holiday Teaser,Referral,Desktop,India,178,52.1,150,6.41,8,5,1,0,0,19.58,0.0,4.49,2.45,0.0
1471,2026-04-17,Newsletter Signup Drive,Paid Search,Mobile,Germany,167,53.9,44,4.46,8,2,1,0,0,320.97,0.0,4.79,40.12,0.0
1472,2026-04-17,Spring Launch,Referral,Mobile,Canada,192,58.7,386,1.5,9,4,3,2,1,19.34,293.81,4.69,2.15,15.19
1474,2026-04-18,Free Trial Push,Affiliate,Mobile,USA,144,49.2,341,1.28,6,2,1,1,0,132.41,0.0,4.17,22.07,0.0
1477,2026-04-18,Holiday Teaser,Direct,Tablet,UAE,128,33.8,257,1.57,6,5,4,3,1,0.0,409.97,4.69,0.0,
1475,2026-04-18,Newsletter Signup Drive,Direct,Mobile,UAE,122,31.3,65,3.39,3,3,2,1,1,0.0,414.13,2.46,0.0,
1473,2026-04-18,Referral Rewards,Affiliate,Tablet,UK,126,64.6,124,4.3,2,1,0,0,0,128.72,0.0,1.59,64.36,0.0
1476,2026-04-18,Spring Launch,Social Media,Tablet,USA,144,58.1,141,3.6,2,1,1,1,0,164.97,0.0,1.39,82.48,0.0
1478,2026-04-19,Brand Awareness Q2,Social Media,Mobile,Australia,123,40.0,39,2.94,5,2,1,0,0,121.71,0.0,4.07,24.34,0.0
1480,2026-04-19,New Customer Promo,Paid Search,Mobile,India,144,36.6,37,2.3,7,1,1,0,0,281.95,0.0,4.86,40.28,0.0
1479,2026-04-19,Spring Launch,Paid Search,Mobile,USA,126,54.4,299,1.1,9,6,2,2,1,201.34,238.69,7.14,22.37,1.19
1483,2026-04-20,Newsletter Signup Drive,Paid Search,Desktop,India,184,35.4,80,2.16,9,3,1,0,0,320.75,0.0,4.89,35.64,0.0
1481,2026-04-20,Referral Rewards,Referral,Mobile,UK,152,63.6,379,2.91,7,5,1,1,0,16.58,0.0,4.61,2.37,0.0
1482,2026-04-20,Summer Sale 2026,Email,Desktop,India,182,28.0,201,5.53,13,8,3,1,1,9.35,242.62,7.14,0.72,25.95
1486,2026-04-21,Free Trial Push,Paid Search,Tablet,Canada,180,42.8,212,5.86,14,9,3,2,2,276.09,749.09,7.78,19.72,2.71
1485,2026-04-21,New Customer Promo,Email,Tablet,UAE,176,47.7,326,3.48,7,3,3,3,1,8.45,135.68,3.98,1.21,16.06
1484,2026-04-21,Product Webinar Series,Organic Search,Mobile,UAE,151,49.1,231,4.63,5,4,1,1,1,0.0,410.07,3.31,0.0,
1490,2026-04-22,Free Trial Push,Social Media,Desktop,India,200,37.4,42,3.37,9,1,1,0,0,228.65,0.0,4.5,25.41,0.0
1492,2026-04-22,Holiday Teaser,Email,Tablet,UAE,192,29.3,371,4.17,16,7,2,1,1,10.45,334.29,8.33,0.65,31.99
1491,2026-04-22,New Customer Promo,Organic Search,Desktop,UK,185,60.2,320,3.55,10,7,3,3,1,0.0,242.31,5.41,0.0,
1487,2026-04-22,Newsletter Signup Drive,Affiliate,Desktop,Australia,177,30.5,72,3.32,0,0,0,0,0,143.04,0.0,0.0,0.0,0.0
1489,2026-04-22,Spring Launch,Email,Desktop,UAE,183,27.8,253,1.41,15,6,2,1,1,8.34,431.58,8.2,0.56,51.75
1488,2026-04-22,Summer Sale 2026,Direct,Tablet,Australia,186,36.8,75,3.85,4,3,1,1,1,0.0,204.76,2.15,0.0,
1496,2026-04-23,Brand Awareness Q2,Referral,Mobile,UK,173,44.6,183,5.06,11,7,5,5,1,16.95,291.15,6.36,1.54,17.18
1495,2026-04-23,Holiday Teaser,Social Media,Mobile,USA,170,56.2,326,3.25,5,3,2,0,0,162.74,0.0,2.94,32.55,0.0
1494,2026-04-23,Newsletter Signup Drive,Paid Search,Tablet,UK,193,37.2,346,2.97,10,7,5,2,0,388.31,0.0,5.18,38.83,0.0
1497,2026-04-23,Referral Rewards,Referral,Mobile,UK,187,54.7,381,5.04,10,6,2,0,0,15.75,0.0,5.35,1.58,0.0
1493,2026-04-23,Spring Launch,Direct,Tablet,Australia,175,65.2,214,5.65,9,5,3,2,1,0.0,248.84,5.14,0.0,
1498,2026-04-23,Summer Sale 2026,Direct,Tablet,USA,197,42.5,47,5.43,17,6,1,0,0,0.0,0.0,8.63,0.0,
1500,2026-04-24,Free Trial Push,Social Media,Mobile,Germany,161,64.0,116,5.3,0,0,0,0,0,150.67,0.0,0.0,0.0,0.0
1503,2026-04-24,Referral Rewards,Direct,Tablet,Germany,179,57.9,44,1.61,4,2,1,1,0,0.0,0.0,2.23,0.0,
1502,2026-04-24,Retargeting - Cart Abandoners,Organic Search,Mobile,UK,172,68.3,76,3.37,5,2,2,2,1,0.0,369.82,2.91,0.0,
1499,2026-04-24,Spring Launch,Organic Search,Tablet,Canada,184,48.8,137,4.5,10,6,5,3,1,0.0,143.53,5.43,0.0,
1501,2026-04-24,Summer Sale 2026,Organic Search,Mobile,UAE,184,41.8,381,1.22,9,3,2,0,0,0.0,0.0,4.89,0.0,
1506,2026-04-25,New Customer Promo,Affiliate,Tablet,Canada,122,51.5,224,2.2,4,3,2,2,1,103.63,126.55,3.28,25.91,1.22
1504,2026-04-25,Newsletter Signup Drive,Organic Search,Mobile,Australia,119,51.0,54,2.13,8,5,3,2,0,0.0,0.0,6.72,0.0,
1505,2026-04-25,Product Webinar Series,Social Media,Tablet,UK,123,59.2,35,4.11,4,1,0,0,0,116.77,0.0,3.25,29.19,0.0
1507,2026-04-26,New Customer Promo,Social Media,Desktop,USA,124,55.5,39,3.32,2,1,0,0,0,117.45,0.0,1.61,58.72,0.0
1508,2026-04-26,Newsletter Signup Drive,Affiliate,Desktop,USA,121,43.6,348,2.46,4,2,0,0,0,87.58,0.0,3.31,21.9,0.0
1510,2026-04-26,Product Webinar Series,Email,Tablet,Canada,126,28.4,218,6.33,11,2,2,2,2,6.15,173.29,8.73,0.56,28.18
1511,2026-04-26,Retargeting - Cart Abandoners,Social Media,Desktop,UAE,131,34.1,96,2.92,4,2,2,1,1,127.66,94.92,3.05,31.92,0.74
1509,2026-04-26,Spring Launch,Social Media,Mobile,Australia,134,29.9,55,4.28,4,3,1,0,0,158.96,0.0,2.99,39.74,0.0
1512,2026-04-26,Summer Sale 2026,Direct,Desktop,India,123,63.6,213,1.81,5,2,0,0,0,0.0,0.0,4.07,0.0,
1515,2026-04-27,Brand Awareness Q2,Paid Search,Mobile,Germany,173,30.1,87,3.46,7,4,1,1,0,347.51,0.0,4.05,49.64,0.0
1517,2026-04-27,New Customer Promo,Referral,Mobile,UAE,158,49.2,198,2.23,12,6,3,1,1,18.53,295.83,7.59,1.54,15.96
1516,2026-04-27,Newsletter Signup Drive,Email,Mobile,UAE,176,68.9,153,4.31,15,5,2,2,2,7.95,523.72,8.52,0.53,65.88
1514,2026-04-27,Product Webinar Series,Email,Mobile,India,178,63.4,232,2.17,20,9,4,4,2,10.07,196.46,11.24,0.5,19.51
1513,2026-04-27,Summer Sale 2026,Email,Mobile,Germany,188,45.8,378,3.73,11,9,4,1,1,9.14,370.75,5.85,0.83,40.56
1520,2026-04-28,Newsletter Signup Drive,Organic Search,Mobile,Germany,185,55.3,72,4.85,5,3,2,0,0,0.0,0.0,2.7,0.0,
1518,2026-04-28,Referral Rewards,Referral,Desktop,Australia,180,35.3,34,1.8,17,8,1,1,0,18.52,0.0,9.44,1.09,0.0
1519,2026-04-28,Spring Launch,Social Media,Mobile,USA,172,36.1,196,1.22,5,1,0,0,0,216.63,0.0,2.91,43.33,0.0
1521,2026-04-29,Brand Awareness Q2,Email,Mobile,Canada,178,48.4,139,1.18,14,10,7,6,6,8.02,1449.65,7.87,0.57,180.75
1522,2026-04-29,Holiday Teaser,Organic Search,Tablet,UAE,168,66.8,374,4.99,5,3,1,0,0,0.0,0.0,2.98,0.0,
1525,2026-04-29,Product Webinar Series,Organic Search,Desktop,Germany,196,25.8,236,5.35,6,3,1,0,0,0.0,0.0,3.06,0.0,
1523,2026-04-29,Referral Rewards,Social Media,Tablet,Canada,191,39.2,187,2.77,4,3,1,1,0,214.77,0.0,2.09,53.69,0.0
1524,2026-04-29,Spring Launch,Social Media,Tablet,UAE,164,68.0,371,3.57,4,3,1,0,0,167.36,0.0,2.44,41.84,0.0
1531,2026-04-30,Brand Awareness Q2,Direct,Mobile,India,159,35.0,42,3.31,14,6,6,4,3,0.0,988.38,8.81,0.0,
1527,2026-04-30,Free Trial Push,Paid Search,Desktop,UK,158,49.4,370,5.96,10,8,5,4,2,327.84,519.11,6.33,32.78,1.58
1528,2026-04-30,New Customer Promo,Affiliate,Tablet,India,178,64.8,111,3.6,6,2,2,2,0,145.46,0.0,3.37,24.24,0.0
1526,2026-04-30,Product Webinar Series,Direct,Mobile,USA,182,42.5,65,6.04,10,3,2,1,0,0.0,0.0,5.49,0.0,
1530,2026-04-30,Spring Launch,Organic Search,Tablet,UK,181,69.7,69,2.36,9,7,3,2,2,0.0,834.15,4.97,0.0,
1529,2026-04-30,Summer Sale 2026,Social Media,Mobile,Australia,179,49.4,225,2.98,6,2,0,0,0,228.97,0.0,3.35,38.16,0.0
1535,2026-05-01,Brand Awareness Q2,Email,Tablet,Canada,193,52.3,386,4.28,17,10,3,1,0,7.77,0.0,8.81,0.46,0.0
1532,2026-05-01,Holiday Teaser,Email,Mobile,Germany,171,57.3,109,2.16,18,9,5,2,1,8.35,113.72,10.53,0.46,13.62
1534,2026-05-01,New Customer Promo,Organic Search,Tablet,UK,182,49.0,83,1.15,6,4,3,2,0,0.0,0.0,3.3,0.0,
1536,2026-05-01,Newsletter Signup Drive,Referral,Desktop,India,179,54.9,187,5.9,17,7,3,2,1,20.09,187.11,9.5,1.18,9.31
1533,2026-05-01,Spring Launch,Social Media,Desktop,USA,177,43.5,43,3.79,5,2,0,0,0,224.33,0.0,2.82,44.87,0.0
1539,2026-05-02,Brand Awareness Q2,Paid Search,Tablet,Canada,112,65.4,90,5.44,5,4,3,1,0,215.42,0.0,4.46,43.08,0.0
1541,2026-05-02,Free Trial Push,Social Media,Tablet,India,121,57.2,191,3.28,3,2,1,1,1,109.56,132.04,2.48,36.52,1.21
1537,2026-05-02,Holiday Teaser,Paid Search,Desktop,UK,137,37.8,95,5.11,14,8,5,1,0,218.46,0.0,10.22,15.6,0.0
1540,2026-05-02,Product Webinar Series,Organic Search,Tablet,UAE,134,68.8,115,5.27,3,1,0,0,0,0.0,0.0,2.24,0.0,
1538,2026-05-02,Retargeting - Cart Abandoners,Affiliate,Desktop,Canada,118,31.7,68,1.77,9,2,1,1,0,106.9,0.0,7.63,11.88,0.0
1544,2026-05-03,Brand Awareness Q2,Paid Search,Mobile,Australia,130,50.8,345,2.41,7,3,2,2,1,273.33,98.19,5.38,39.05,0.36
1542,2026-05-03,Free Trial Push,Social Media,Desktop,Germany,114,34.1,178,5.67,2,2,2,1,1,102.35,125.48,1.75,51.18,1.23
1543,2026-05-03,Newsletter Signup Drive,Direct,Tablet,Germany,121,28.3,355,2.73,7,4,0,0,0,0.0,0.0,5.79,0.0,
1547,2026-05-04,New Customer Promo,Social Media,Mobile,UAE,173,62.4,392,3.77,5,5,3,1,0,159.83,0.0,2.89,31.97,0.0
1548,2026-05-04,Newsletter Signup Drive,Referral,Desktop,Australia,173,58.0,317,5.81,12,8,3,1,1,17.67,444.97,6.94,1.47,25.18
1546,2026-05-04,Retargeting - Cart Abandoners,Social Media,Tablet,Australia,180,66.6,71,1.61,7,3,1,1,1,211.58,81.61,3.89,30.23,0.39
1545,2026-05-04,Spring Launch,Affiliate,Mobile,USA,198,27.9,242,4.46,14,8,5,5,2,151.42,318.56,7.07,10.82,2.1
1550,2026-05-05,Brand Awareness Q2,Referral,Mobile,UAE,176,38.7,349,5.32,10,5,3,2,1,20.16,423.83,5.68,2.02,21.02
1551,2026-05-05,Referral Rewards,Email,Tablet,USA,205,48.4,196,1.16,17,15,7,4,2,11.7,355.8,8.29,0.69,30.41
1549,2026-05-05,Spring Launch,Direct,Tablet,Canada,168,32.4,75,6.39,8,5,3,1,0,0.0,0.0,4.76,0.0,
1554,2026-05-06,Holiday Teaser,Referral,Desktop,UAE,202,36.4,57,1.66,13,8,4,2,0,16.84,0.0,6.44,1.3,0.0
1552,2026-05-06,Product Webinar Series,Direct,Tablet,India,182,39.8,296,4.58,11,8,3,0,0,0.0,0.0,6.04,0.0,
1555,2026-05-06,Retargeting - Cart Abandoners,Paid Search,Mobile,Australia,194,57.0,164,5.6,13,8,3,1,1,338.8,208.85,6.7,26.06,0.62
1553,2026-05-06,Spring Launch,Paid Search,Tablet,Germany,173,46.4,139,3.88,14,12,7,4,1,274.5,205.94,8.09,19.61,0.75
1557,2026-05-07,Free Trial Push,Social Media,Tablet,UK,182,63.4,316,3.22,5,2,0,0,0,176.27,0.0,2.75,35.25,0.0
1558,2026-05-07,New Customer Promo,Social Media,Tablet,India,180,41.6,304,5.33,4,1,0,0,0,191.89,0.0,2.22,47.97,0.0
1556,2026-05-07,Spring Launch,Social Media,Desktop,UK,178,67.9,221,5.52,6,4,1,1,0,187.75,0.0,3.37,31.29,0.0
1559,2026-05-08,Brand Awareness Q2,Paid Search,Tablet,India,191,28.2,210,4.89,10,6,4,1,1,359.22,240.2,5.24,35.92,0.67
1561,2026-05-08,Newsletter Signup Drive,Referral,Tablet,UK,181,65.3,175,6.29,9,4,1,0,0,17.87,0.0,4.97,1.99,0.0
1560,2026-05-08,Retargeting - Cart Abandoners,Referral,Tablet,USA,180,35.0,295,6.19,6,4,3,2,0,15.44,0.0,3.33,2.57,0.0
1562,2026-05-09,New Customer Promo,Affiliate,Desktop,USA,123,43.2,103,6.29,10,6,2,1,0,109.87,0.0,8.13,10.99,0.0
1563,2026-05-09,Product Webinar Series,Organic Search,Tablet,UAE,125,52.2,274,3.27,4,2,1,1,0,0.0,0.0,3.2,0.0,
1565,2026-05-09,Referral Rewards,Paid Search,Tablet,Canada,135,25.7,375,5.47,6,4,2,1,1,273.54,414.47,4.44,45.59,1.52
1564,2026-05-09,Summer Sale 2026,Referral,Mobile,Germany,140,37.3,103,2.35,9,4,3,1,1,11.38,108.16,6.43,1.26,9.5
1568,2026-05-10,Brand Awareness Q2,Social Media,Mobile,USA,140,47.3,285,2.91,6,4,1,1,0,124.36,0.0,4.29,20.73,0.0
1567,2026-05-10,Free Trial Push,Paid Search,Tablet,Canada,145,51.5,226,2.54,4,2,0,0,0,222.11,0.0,2.76,55.53,0.0
1566,2026-05-10,Holiday Teaser,Direct,Mobile,Canada,136,60.6,245,6.01,13,7,4,2,2,0.0,668.34,9.56,0.0,
1570,2026-05-11,Holiday Teaser,Social Media,Tablet,UK,169,38.9,223,4.68,3,2,1,1,0,159.58,0.0,1.78,53.19,0.0
1569,2026-05-11,New Customer Promo,Email,Mobile,UK,188,38.7,315,2.87,19,12,4,0,0,9.9,0.0,10.11,0.52,0.0
1571,2026-05-11,Referral Rewards,Social Media,Tablet,India,175,58.0,256,5.53,3,3,1,0,0,160.79,0.0,1.71,53.6,0.0
1575,2026-05-12,Brand Awareness Q2,Organic Search,Desktop,India,178,34.1,58,5.36,11,9,4,2,2,0.0,808.55,6.18,0.0,
1573,2026-05-12,New Customer Promo,Email,Desktop,India,180,41.6,269,5.02,10,7,2,1,0,7.56,0.0,5.56,0.76,0.0
1576,2026-05-12,Newsletter Signup Drive,Email,Tablet,Canada,195,60.1,100,1.37,23,10,3,1,1,10.89,295.11,11.79,0.47,27.1
1574,2026-05-12,Product Webinar Series,Email,Desktop,UK,168,42.4,108,4.52,15,10,7,2,1,8.2,345.1,8.93,0.55,42.09
1572,2026-05-12,Referral Rewards,Organic Search,Mobile,UK,176,36.9,213,5.67,8,4,1,0,0,0.0,0.0,4.55,0.0,
1579,2026-05-13,Free Trial Push,Social Media,Mobile,USA,172,30.0,203,1.48,3,2,0,0,0,202.14,0.0,1.74,67.38,0.0
1577,2026-05-13,New Customer Promo,Affiliate,Desktop,Canada,198,41.9,227,5.83,8,2,0,0,0,163.99,0.0,4.04,20.5,0.0
1578,2026-05-13,Product Webinar Series,Referral,Mobile,Canada,202,55.9,138,4.12,12,3,2,2,0,20.11,0.0,5.94,1.68,0.0
1580,2026-05-13,Spring Launch,Organic Search,Mobile,Australia,184,62.0,99,4.89,8,5,2,1,1,0.0,386.61,4.35,0.0,
1586,2026-05-14,New Customer Promo,Social Media,Mobile,India,156,67.3,278,1.5,3,1,0,0,0,159.41,0.0,1.92,53.14,0.0
1582,2026-05-14,Newsletter Signup Drive,Direct,Tablet,Canada,173,55.8,37,5.07,9,3,2,0,0,0.0,0.0,5.2,0.0,
1583,2026-05-14,Product Webinar Series,Social Media,Tablet,USA,179,64.6,133,1.67,11,7,3,1,1,221.72,442.18,6.15,20.16,1.99
1585,2026-05-14,Referral Rewards,Paid Search,Mobile,Germany,179,32.2,231,3.97,18,8,4,3,0,336.25,0.0,10.06,18.68,0.0
1581,2026-05-14,Retargeting - Cart Abandoners,Email,Tablet,UAE,171,27.0,389,4.97,16,2,2,0,0,8.14,0.0,9.36,0.51,0.0
1584,2026-05-14,Summer Sale 2026,Affiliate,Desktop,Canada,161,40.7,96,4.59,9,5,1,0,0,144.98,0.0,5.59,16.11,0.0
1587,2026-05-15,Referral Rewards,Social Media,Tablet,India,178,51.7,99,2.97,9,8,5,4,2,217.3,185.0,5.06,24.14,0.85
1589,2026-05-15,Retargeting - Cart Abandoners,Email,Tablet,India,185,65.1,213,5.55,15,7,5,3,1,8.66,309.71,8.11,0.58,35.76
1588,2026-05-15,Summer Sale 2026,Organic Search,Mobile,Australia,174,30.2,380,5.06,4,0,0,0,0,0.0,0.0,2.3,0.0,
1590,2026-05-16,New Customer Promo,Social Media,Mobile,Australia,123,57.3,304,1.37,0,0,0,0,0,128.81,0.0,0.0,0.0,0.0
1592,2026-05-16,Referral Rewards,Referral,Tablet,Canada,125,61.6,212,2.21,6,3,0,0,0,13.27,0.0,4.8,2.21,0.0
1591,2026-05-16,Spring Launch,Social Media,Desktop,UK,117,42.9,127,3.13,2,2,2,1,0,109.54,0.0,1.71,54.77,0.0
1595,2026-05-17,New Customer Promo,Paid Search,Tablet,Australia,125,35.1,222,4.14,6,2,1,0,0,194.57,0.0,4.8,32.43,0.0
1594,2026-05-17,Newsletter Signup Drive,Email,Tablet,Canada,128,44.7,38,3.71,7,4,2,0,0,7.52,0.0,5.47,1.07,0.0
1593,2026-05-17,Summer Sale 2026,Direct,Mobile,UAE,133,58.4,172,2.88,9,7,3,2,0,0.0,0.0,6.77,0.0,
1598,2026-05-18,New Customer Promo,Referral,Tablet,Australia,175,57.2,326,2.97,13,8,4,3,2,19.47,319.1,7.43,1.5,16.39
1597,2026-05-18,Newsletter Signup Drive,Social Media,Tablet,India,165,45.3,135,2.71,9,4,2,0,0,204.72,0.0,5.45,22.75,0.0
1596,2026-05-18,Product Webinar Series,Referral,Tablet,UAE,208,45.5,288,3.19,17,11,2,1,0,22.52,0.0,8.17,1.32,0.0
1599,2026-05-18,Retargeting - Cart Abandoners,Email,Tablet,Australia,165,57.3,314,3.6,13,9,6,3,0,7.5,0.0,7.88,0.58,0.0
1600,2026-05-19,Holiday Teaser,Organic Search,Mobile,Australia,189,55.9,36,2.78,12,9,2,1,1,0.0,303.71,6.35,0.0,
1603,2026-05-19,New Customer Promo,Referral,Mobile,India,174,59.6,63,2.24,12,6,4,3,2,20.45,561.35,6.9,1.7,27.45
1604,2026-05-19,Newsletter Signup Drive,Direct,Tablet,Australia,180,30.9,280,4.12,8,2,1,1,1,0.0,154.0,4.44,0.0,
1602,2026-05-19,Product Webinar Series,Direct,Tablet,USA,168,69.4,96,5.24,14,7,5,2,2,0.0,723.06,8.33,0.0,
1601,2026-05-19,Summer Sale 2026,Social Media,Tablet,UAE,185,29.8,211,5.25,6,4,1,0,0,238.73,0.0,3.24,39.79,0.0
1608,2026-05-20,Brand Awareness Q2,Organic Search,Tablet,Germany,197,44.3,103,6.02,7,2,1,0,0,0.0,0.0,3.55,0.0,
1606,2026-05-20,Holiday Teaser,Affiliate,Mobile,UK,187,30.3,35,5.91,10,5,2,0,0,145.58,0.0,5.35,14.56,0.0
1607,2026-05-20,New Customer Promo,Affiliate,Tablet,UK,169,68.8,50,4.2,11,8,6,2,1,152.33,319.0,6.51,13.85,2.09
1605,2026-05-20,Summer Sale 2026,Direct,Tablet,Australia,192,40.9,265,5.16,18,12,8,3,2,0.0,429.66,9.38,0.0,
1611,2026-05-21,Holiday Teaser,Email,Tablet,UAE,146,65.9,65,4.37,9,3,2,0,0,5.93,0.0,6.16,0.66,0.0
1609,2026-05-21,Retargeting - Cart Abandoners,Social Media,Mobile,UK,166,50.0,186,4.16,4,2,0,0,0,173.27,0.0,2.41,43.32,0.0
1610,2026-05-21,Summer Sale 2026,Email,Tablet,UK,175,57.3,281,5.59,13,7,2,2,1,9.55,117.09,7.43,0.73,12.26
1615,2026-05-22,Brand Awareness Q2,Direct,Tablet,Germany,183,27.7,194,2.11,9,4,2,0,0,0.0,0.0,4.92,0.0,
1616,2026-05-22,Free Trial Push,Direct,Tablet,India,179,45.3,150,3.64,12,6,4,3,1,0.0,381.85,6.7,0.0,
1617,2026-05-22,Holiday Teaser,Referral,Mobile,UK,194,54.0,312,5.2,19,13,5,1,0,22.24,0.0,9.79,1.17,0.0
1613,2026-05-22,New Customer Promo,Paid Search,Mobile,Australia,160,27.4,34,4.67,6,2,0,0,0,316.71,0.0,3.75,52.78,0.0
1614,2026-05-22,Retargeting - Cart Abandoners,Social Media,Tablet,India,171,55.0,116,4.28,3,2,1,1,0,206.29,0.0,1.75,68.76,0.0
1612,2026-05-22,Summer Sale 2026,Referral,Mobile,India,178,62.6,360,5.55,6,2,2,1,0,17.41,0.0,3.37,2.9,0.0
1618,2026-05-23,Brand Awareness Q2,Social Media,Mobile,Germany,139,65.9,33,5.07,4,4,1,0,0,133.15,0.0,2.88,33.29,0.0
1619,2026-05-23,Free Trial Push,Paid Search,Tablet,Germany,140,38.1,238,1.64,4,1,0,0,0,236.35,0.0,2.86,59.09,0.0
1620,2026-05-23,Newsletter Signup Drive,Email,Mobile,Canada,142,61.4,200,5.98,11,6,0,0,0,7.83,0.0,7.75,0.71,0.0
1621,2026-05-23,Spring Launch,Social Media,Tablet,UAE,123,35.3,84,4.63,3,2,0,0,0,110.28,0.0,2.44,36.76,0.0
1622,2026-05-24,Brand Awareness Q2,Affiliate,Desktop,India,130,51.5,236,4.64,8,4,3,3,1,96.26,442.04,6.15,12.03,4.59
1626,2026-05-24,New Customer Promo,Email,Desktop,UK,129,53.1,318,5.33,3,2,1,0,0,7.55,0.0,2.33,2.52,0.0
1624,2026-05-24,Referral Rewards,Organic Search,Mobile,Canada,118,56.7,212,1.61,7,5,3,1,0,0.0,0.0,5.93,0.0,
1625,2026-05-24,Retargeting - Cart Abandoners,Direct,Mobile,Germany,115,55.7,397,2.35,3,3,2,2,1,0.0,302.27,2.61,0.0,
1623,2026-05-24,Spring Launch,Organic Search,Mobile,Germany,125,42.2,247,4.99,7,3,1,0,0,0.0,0.0,5.6,0.0,
1628,2026-05-25,Brand Awareness Q2,Paid Search,Desktop,Germany,202,53.2,299,4.77,12,6,2,2,0,401.8,0.0,5.94,33.48,0.0
1627,2026-05-25,Free Trial Push,Direct,Tablet,UK,181,52.7,205,3.21,12,5,3,2,2,0.0,569.61,6.63,0.0,
1629,2026-05-25,New Customer Promo,Referral,Desktop,Germany,179,66.8,295,5.22,11,4,3,2,0,20.68,0.0,6.15,1.88,0.0
1631,2026-05-25,Newsletter Signup Drive,Email,Mobile,Germany,192,60.6,101,2.51,16,8,2,0,0,9.78,0.0,8.33,0.61,0.0
1630,2026-05-25,Summer Sale 2026,Paid Search,Desktop,USA,167,30.3,241,5.99,9,4,1,1,0,357.83,0.0,5.39,39.76,0.0
1635,2026-05-26,Brand Awareness Q2,Direct,Desktop,UAE,195,69.0,353,3.04,7,3,1,0,0,0.0,0.0,3.59,0.0,
1633,2026-05-26,New Customer Promo,Direct,Desktop,UAE,170,26.9,204,3.25,12,5,4,2,1,0.0,384.54,7.06,0.0,
1636,2026-05-26,Newsletter Signup Drive,Organic Search,Tablet,Australia,202,56.9,226,3.68,16,9,6,5,3,0.0,299.43,7.92,0.0,
1637,2026-05-26,Retargeting - Cart Abandoners,Paid Search,Tablet,Germany,168,64.3,293,4.23,10,7,1,0,0,270.07,0.0,5.95,27.01,0.0
1632,2026-05-26,Spring Launch,Direct,Mobile,Canada,180,37.0,387,1.96,11,6,4,3,1,0.0,197.72,6.11,0.0,
1634,2026-05-26,Summer Sale 2026,Social Media,Mobile,India,172,43.4,168,6.1,4,4,2,0,0,178.64,0.0,2.33,44.66,0.0
1638,2026-05-27,New Customer Promo,Organic Search,Mobile,UAE,158,47.0,373,3.91,7,3,2,1,0,0.0,0.0,4.43,0.0,
1640,2026-05-27,Newsletter Signup Drive,Affiliate,Mobile,USA,194,60.5,291,2.47,9,6,3,2,1,196.53,367.44,4.64,21.84,1.87
1639,2026-05-27,Referral Rewards,Email,Desktop,Germany,179,64.0,30,3.15,13,8,4,3,2,10.34,868.67,7.26,0.8,84.01
1641,2026-05-28,Brand Awareness Q2,Social Media,Mobile,Germany,167,47.1,93,2.61,9,4,2,2,1,194.55,265.98,5.39,21.62,1.37
1643,2026-05-28,Product Webinar Series,Paid Search,Tablet,Canada,182,46.2,365,3.06,13,8,5,5,4,272.95,1269.83,7.14,21.0,4.65
1642,2026-05-28,Spring Launch,Referral,Tablet,Canada,165,56.4,60,3.36,9,5,4,2,0,19.39,0.0,5.45,2.15,0.0
1647,2026-05-29,Free Trial Push,Social Media,Tablet,Germany,169,31.2,256,2.0,1,1,0,0,0,149.39,0.0,0.59,149.39,0.0
1648,2026-05-29,Holiday Teaser,Affiliate,Desktop,UK,181,60.8,189,3.55,2,0,0,0,0,178.48,0.0,1.1,89.24,0.0
1646,2026-05-29,Product Webinar Series,Direct,Mobile,UAE,177,36.3,287,5.26,10,4,3,2,0,0.0,0.0,5.65,0.0,
1644,2026-05-29,Retargeting - Cart Abandoners,Email,Tablet,India,171,57.8,382,5.61,13,6,1,1,1,8.47,447.7,7.6,0.65,52.86
1645,2026-05-29,Spring Launch,Direct,Desktop,USA,201,66.0,89,3.09,8,1,0,0,0,0.0,0.0,3.98,0.0,
1650,2026-05-30,Free Trial Push,Social Media,Desktop,USA,123,51.9,188,2.89,1,1,0,0,0,159.82,0.0,0.81,159.82,0.0
1654,2026-05-30,Newsletter Signup Drive,Referral,Desktop,India,125,49.6,255,1.59,6,4,3,2,0,14.3,0.0,4.8,2.38,0.0
1651,2026-05-30,Product Webinar Series,Social Media,Mobile,UK,110,43.4,382,5.77,1,0,0,0,0,133.94,0.0,0.91,133.94,0.0
1649,2026-05-30,Referral Rewards,Paid Search,Desktop,Canada,125,55.6,353,3.43,5,3,2,1,1,243.53,277.65,4.0,48.71,1.14
1653,2026-05-30,Retargeting - Cart Abandoners,Social Media,Tablet,Germany,131,65.6,77,5.55,7,3,2,0,0,167.21,0.0,5.34,23.89,0.0
1652,2026-05-30,Summer Sale 2026,Email,Mobile,India,120,29.1,115,1.35,9,5,3,2,2,5.08,869.11,7.5,0.56,171.08
1659,2026-05-31,New Customer Promo,Referral,Desktop,UK,124,59.7,353,4.42,1,1,1,0,0,10.82,0.0,0.81,10.82,0.0
1658,2026-05-31,Newsletter Signup Drive,Direct,Mobile,India,117,45.1,238,3.64,10,6,2,1,1,0.0,279.36,8.55,0.0,
1655,2026-05-31,Retargeting - Cart Abandoners,Paid Search,Mobile,Germany,125,40.7,174,3.86,8,5,2,1,0,247.67,0.0,6.4,30.96,0.0
1657,2026-05-31,Spring Launch,Social Media,Tablet,USA,126,65.2,205,6.2,3,1,1,0,0,125.6,0.0,2.38,41.87,0.0
1656,2026-05-31,Summer Sale 2026,Referral,Tablet,UAE,143,62.7,224,2.22,4,1,0,0,0,16.94,0.0,2.8,4.24,0.0
1660,2026-06-01,Holiday Teaser,Referral,Mobile,Canada,166,68.0,101,5.87,15,8,3,3,1,18.1,105.29,9.04,1.21,5.82
1661,2026-06-01,New Customer Promo,Direct,Tablet,Canada,179,37.9,377,5.22,6,4,4,2,1,0.0,285.36,3.35,0.0,
1662,2026-06-01,Newsletter Signup Drive,Affiliate,Tablet,UAE,224,41.8,198,2.06,5,1,1,0,0,217.22,0.0,2.23,43.44,0.0
1663,2026-06-01,Product Webinar Series,Direct,Desktop,UAE,185,48.7,197,4.23,13,8,4,3,0,0.0,0.0,7.03,0.0,
1667,2026-06-02,Brand Awareness Q2,Paid Search,Tablet,Australia,162,41.8,317,4.32,9,5,1,1,0,243.61,0.0,5.56,27.07,0.0
1666,2026-06-02,Holiday Teaser,Affiliate,Tablet,Australia,214,60.4,155,5.52,12,9,0,0,0,209.25,0.0,5.61,17.44,0.0
1664,2026-06-02,Newsletter Signup Drive,Direct,Mobile,USA,198,27.2,180,4.91,4,2,1,1,1,0.0,342.66,2.02,0.0,
1665,2026-06-02,Spring Launch,Referral,Desktop,USA,168,58.7,323,2.19,11,5,2,1,0,13.48,0.0,6.55,1.23,0.0
1670,2026-06-03,Holiday Teaser,Referral,Mobile,UAE,162,61.6,254,6.23,14,12,5,2,1,17.55,129.74,8.64,1.25,7.39
1668,2026-06-03,New Customer Promo,Direct,Desktop,Germany,186,56.4,217,1.24,10,5,2,1,0,0.0,0.0,5.38,0.0,
1669,2026-06-03,Product Webinar Series,Referral,Mobile,USA,204,46.2,351,2.67,10,4,2,1,0,20.2,0.0,4.9,2.02,0.0
1671,2026-06-03,Summer Sale 2026,Organic Search,Mobile,UK,174,38.7,196,4.04,4,4,2,2,1,0.0,416.78,2.3,0.0,
1677,2026-06-04,Free Trial Push,Organic Search,Mobile,USA,181,45.2,376,5.08,11,3,2,1,1,0.0,353.86,6.08,0.0,
1672,2026-06-04,Holiday Teaser,Email,Mobile,UAE,160,62.6,163,4.41,9,5,3,1,0,9.14,0.0,5.62,1.02,0.0
1676,2026-06-04,New Customer Promo,Organic Search,Tablet,USA,174,50.1,345,2.8,9,9,5,1,0,0.0,0.0,5.17,0.0,
1674,2026-06-04,Newsletter Signup Drive,Referral,Desktop,USA,167,62.6,185,4.22,8,3,2,1,0,18.37,0.0,4.79,2.3,0.0
1675,2026-06-04,Product Webinar Series,Email,Mobile,Germany,198,54.8,145,2.83,13,8,5,0,0,8.0,0.0,6.57,0.62,0.0
1673,2026-06-04,Summer Sale 2026,Organic Search,Tablet,UK,164,43.7,341,2.34,3,1,1,0,0,0.0,0.0,1.83,0.0,
1680,2026-06-05,Free Trial Push,Affiliate,Mobile,Canada,180,56.6,45,6.0,7,2,0,0,0,155.38,0.0,3.89,22.2,0.0
1679,2026-06-05,New Customer Promo,Social Media,Mobile,Canada,179,64.5,280,3.03,8,6,3,2,0,232.24,0.0,4.47,29.03,0.0
1681,2026-06-05,Newsletter Signup Drive,Organic Search,Tablet,Germany,179,57.8,325,6.2,5,2,0,0,0,0.0,0.0,2.79,0.0,
1682,2026-06-05,Product Webinar Series,Affiliate,Tablet,UK,184,26.0,79,4.63,11,5,2,1,0,159.39,0.0,5.98,14.49,0.0
1678,2026-06-05,Referral Rewards,Direct,Tablet,Canada,178,54.7,257,5.69,10,7,2,0,0,0.0,0.0,5.62,0.0,
1686,2026-06-06,Brand Awareness Q2,Referral,Mobile,Australia,120,41.7,264,1.2,6,2,2,1,0,13.18,0.0,5.0,2.2,0.0
1684,2026-06-06,New Customer Promo,Organic Search,Desktop,India,122,65.7,237,3.53,5,3,2,2,1,0.0,225.05,4.1,0.0,
1687,2026-06-06,Newsletter Signup Drive,Email,Desktop,UK,132,69.4,313,6.19,11,6,2,1,0,7.66,0.0,8.33,0.7,0.0
1685,2026-06-06,Referral Rewards,Email,Tablet,Germany,135,29.7,322,3.97,11,6,3,3,1,6.38,351.63,8.15,0.58,55.11
1683,2026-06-06,Spring Launch,Direct,Desktop,UAE,121,49.0,129,6.02,5,2,1,1,0,0.0,0.0,4.13,0.0,
1690,2026-06-07,Brand Awareness Q2,Paid Search,Desktop,USA,145,29.1,276,2.63,13,4,4,1,1,278.88,446.37,8.97,21.45,1.6
1689,2026-06-07,New Customer Promo,Referral,Desktop,UK,120,28.9,342,4.98,7,5,3,2,0,10.6,0.0,5.83,1.51,0.0
1692,2026-06-07,Newsletter Signup Drive,Referral,Tablet,Germany,134,28.0,178,5.23,5,3,3,3,1,13.02,243.28,3.73,2.6,18.69
1688,2026-06-07,Product Webinar Series,Organic Search,Tablet,Canada,117,41.6,183,5.59,4,2,0,0,0,0.0,0.0,3.42,0.0,
1691,2026-06-07,Spring Launch,Referral,Desktop,Canada,129,59.0,363,6.04,4,3,2,1,1,12.33,304.39,3.1,3.08,24.69
1693,2026-06-07,Summer Sale 2026,Affiliate,Desktop,UK,141,64.4,201,2.61,6,5,3,3,1,127.42,275.77,4.26,21.24,2.16
1695,2026-06-08,Holiday Teaser,Affiliate,Desktop,UK,211,36.9,85,1.59,11,4,2,1,0,167.45,0.0,5.21,15.22,0.0
1694,2026-06-08,Referral Rewards,Referral,Desktop,UAE,169,65.4,363,2.87,7,4,1,0,0,17.26,0.0,4.14,2.47,0.0
1696,2026-06-08,Retargeting - Cart Abandoners,Referral,Mobile,UK,182,64.6,103,6.22,7,4,2,0,0,21.59,0.0,3.85,3.08,0.0
1700,2026-06-09,New Customer Promo,Direct,Desktop,Germany,175,30.0,371,5.16,13,10,6,6,2,0.0,258.71,7.43,0.0,
1697,2026-06-09,Newsletter Signup Drive,Direct,Tablet,UK,174,33.9,232,1.73,10,5,5,2,1,0.0,240.15,5.75,0.0,
1698,2026-06-09,Product Webinar Series,Email,Mobile,India,212,52.1,244,2.35,15,6,5,3,1,9.99,430.42,7.08,0.67,43.09
1699,2026-06-09,Retargeting - Cart Abandoners,Organic Search,Tablet,Australia,172,43.2,177,2.02,8,5,3,3,1,0.0,397.9,4.65,0.0,
1701,2026-06-09,Spring Launch,Direct,Mobile,Australia,183,44.5,369,3.53,11,4,2,2,0,0.0,0.0,6.01,0.0,
1706,2026-06-10,Brand Awareness Q2,Affiliate,Tablet,UK,199,26.1,177,6.42,7,3,2,2,1,155.77,310.1,3.52,22.25,1.99
1705,2026-06-10,Holiday Teaser,Paid Search,Desktop,India,175,47.9,213,6.12,6,4,0,0,0,310.51,0.0,3.43,51.75,0.0
1707,2026-06-10,New Customer Promo,Affiliate,Mobile,USA,160,63.6,51,2.26,9,7,3,1,0,154.74,0.0,5.62,17.19,0.0
1703,2026-06-10,Product Webinar Series,Paid Search,Mobile,Canada,165,51.6,100,4.24,15,8,5,4,3,287.64,1171.92,9.09,19.18,4.07
1704,2026-06-10,Referral Rewards,Paid Search,Tablet,Canada,180,67.4,226,5.59,9,2,1,1,1,350.45,176.24,5.0,38.94,0.5
1702,2026-06-10,Summer Sale 2026,Direct,Mobile,Canada,190,69.5,180,1.16,6,2,1,0,0,0.0,0.0,3.16,0.0,
1709,2026-06-11,Free Trial Push,Organic Search,Mobile,UAE,172,62.8,356,1.97,9,7,2,2,1,0.0,281.11,5.23,0.0,
1713,2026-06-11,Holiday Teaser,Referral,Tablet,USA,196,58.9,132,3.5,14,5,0,0,0,19.56,0.0,7.14,1.4,0.0
1710,2026-06-11,New Customer Promo,Social Media,Desktop,Australia,174,34.7,55,4.18,4,3,1,1,1,205.63,86.62,2.3,51.41,0.42
1708,2026-06-11,Referral Rewards,Paid Search,Mobile,Germany,188,59.2,208,6.18,16,10,5,3,1,317.21,228.33,8.51,19.83,0.72
1711,2026-06-11,Retargeting - Cart Abandoners,Direct,Desktop,USA,191,56.9,338,1.76,12,4,3,1,0,0.0,0.0,6.28,0.0,
1712,2026-06-11,Spring Launch,Social Media,Mobile,Germany,193,63.7,334,1.76,5,1,1,1,1,221.38,288.98,2.59,44.28,1.31
1715,2026-06-12,Free Trial Push,Social Media,Mobile,USA,187,62.6,381,5.45,6,4,2,0,0,218.55,0.0,3.21,36.43,0.0
1716,2026-06-12,Newsletter Signup Drive,Paid Search,Desktop,Germany,175,66.3,81,4.08,8,3,2,2,1,292.49,93.87,4.57,36.56,0.32
1714,2026-06-12,Retargeting - Cart Abandoners,Email,Desktop,UAE,158,53.8,275,3.34,13,5,2,0,0,9.15,0.0,8.23,0.7,0.0
1719,2026-06-13,Free Trial Push,Email,Tablet,Germany,128,41.0,242,5.6,13,4,3,2,1,7.16,369.25,10.16,0.55,51.57
1717,2026-06-13,Holiday Teaser,Email,Desktop,Australia,119,64.8,148,3.16,5,3,1,0,0,6.93,0.0,4.2,1.39,0.0
1718,2026-06-13,Retargeting - Cart Abandoners,Social Media,Mobile,Canada,128,25.7,331,3.04,3,1,1,0,0,132.49,0.0,2.34,44.16,0.0
1720,2026-06-14,Brand Awareness Q2,Email,Desktop,UAE,130,47.6,130,6.22,7,5,1,1,0,5.63,0.0,5.38,0.8,0.0
1723,2026-06-14,Free Trial Push,Social Media,Mobile,Canada,123,50.7,240,3.32,1,1,0,0,0,155.04,0.0,0.81,155.04,0.0
1721,2026-06-14,Newsletter Signup Drive,Direct,Mobile,UAE,125,29.0,78,3.78,6,4,3,3,1,0.0,413.51,4.8,0.0,
1722,2026-06-14,Product Webinar Series,Affiliate,Mobile,UK,112,63.5,73,4.82,4,0,0,0,0,95.77,0.0,3.57,23.94,0.0
1724,2026-06-14,Retargeting - Cart Abandoners,Organic Search,Tablet,UAE,116,57.1,138,2.84,2,2,1,0,0,0.0,0.0,1.72,0.0,
1727,2026-06-15,Brand Awareness Q2,Paid Search,Mobile,UK,161,64.2,351,4.23,17,6,4,3,2,316.24,653.24,10.56,18.6,2.07
1728,2026-06-15,Holiday Teaser,Email,Tablet,UAE,177,41.8,397,6.47,9,7,5,2,0,7.71,0.0,5.08,0.86,0.0
1725,2026-06-15,New Customer Promo,Referral,Tablet,Germany,178,63.6,302,2.26,17,3,0,0,0,15.05,0.0,9.55,0.89,0.0
1726,2026-06-15,Summer Sale 2026,Email,Mobile,UK,176,25.5,38,1.15,23,14,10,7,3,7.94,297.93,13.07,0.35,37.52
1730,2026-06-16,Free Trial Push,Direct,Tablet,Canada,203,49.0,67,4.28,12,8,6,1,1,0.0,420.23,5.91,0.0,
1729,2026-06-16,Holiday Teaser,Affiliate,Mobile,Germany,161,35.0,309,2.77,1,1,1,0,0,145.8,0.0,0.62,145.8,0.0
1732,2026-06-16,New Customer Promo,Affiliate,Mobile,UK,171,60.5,78,1.54,10,7,3,1,1,172.93,427.23,5.85,17.29,2.47
1731,2026-06-16,Product Webinar Series,Email,Desktop,Germany,192,61.6,146,6.36,6,2,0,0,0,7.92,0.0,3.12,1.32,0.0
1736,2026-06-17,Brand Awareness Q2,Organic Search,Mobile,UK,194,56.0,239,1.52,12,8,0,0,0,0.0,0.0,6.19,0.0,
1733,2026-06-17,Free Trial Push,Direct,Desktop,Australia,176,30.0,120,2.71,12,6,3,2,0,0.0,0.0,6.82,0.0,
1734,2026-06-17,Holiday Teaser,Organic Search,Desktop,UAE,182,56.1,74,1.45,5,2,0,0,0,0.0,0.0,2.75,0.0,
1735,2026-06-17,New Customer Promo,Direct,Desktop,UAE,177,69.9,120,5.65,13,7,4,3,0,0.0,0.0,7.34,0.0,
1738,2026-06-18,New Customer Promo,Organic Search,Tablet,Germany,182,68.6,343,2.77,7,4,1,0,0,0.0,0.0,3.85,0.0,
1740,2026-06-18,Newsletter Signup Drive,Direct,Mobile,USA,163,29.5,87,6.28,5,3,0,0,0,0.0,0.0,3.07,0.0,
1737,2026-06-18,Spring Launch,Referral,Mobile,India,165,62.2,153,2.57,10,7,2,0,0,18.87,0.0,6.06,1.89,0.0
1739,2026-06-18,Summer Sale 2026,Direct,Tablet,Canada,167,66.3,203,2.59,11,4,3,1,0,0.0,0.0,6.59,0.0,
1741,2026-06-19,Free Trial Push,Organic Search,Desktop,Australia,172,39.8,357,5.68,8,2,1,1,1,0.0,435.14,4.65,0.0,
1742,2026-06-19,Newsletter Signup Drive,Direct,Mobile,Australia,168,58.7,239,3.52,9,2,1,0,0,0.0,0.0,5.36,0.0,
1743,2026-06-19,Referral Rewards,Social Media,Desktop,Australia,172,34.3,260,3.03,6,2,0,0,0,215.77,0.0,3.49,35.96,0.0
1747,2026-06-20,Brand Awareness Q2,Social Media,Mobile,Canada,127,64.3,304,4.66,1,0,0,0,0,122.18,0.0,0.79,122.18,0.0
1746,2026-06-20,Free Trial Push,Affiliate,Mobile,USA,123,53.2,239,4.41,4,2,1,0,0,91.85,0.0,3.25,22.96,0.0
1748,2026-06-20,Holiday Teaser,Referral,Desktop,Germany,123,69.8,58,3.65,12,7,4,3,1,11.16,383.42,9.76,0.93,34.36
1744,2026-06-20,New Customer Promo,Paid Search,Tablet,Australia,137,61.5,191,1.77,7,6,5,2,1,271.21,268.65,5.11,38.74,0.99
1749,2026-06-20,Product Webinar Series,Paid Search,Mobile,Germany,135,37.3,131,1.71,10,5,3,3,1,239.45,306.95,7.41,23.94,1.28
1745,2026-06-20,Spring Launch,Social Media,Mobile,India,127,39.5,201,3.34,5,1,0,0,0,166.37,0.0,3.94,33.27,0.0
1752,2026-06-21,Referral Rewards,Organic Search,Tablet,UK,121,46.8,69,2.6,8,5,4,4,2,0.0,608.09,6.61,0.0,
1751,2026-06-21,Spring Launch,Email,Desktop,Germany,125,53.3,232,2.35,13,2,0,0,0,5.38,0.0,10.4,0.41,0.0
1750,2026-06-21,Summer Sale 2026,Email,Mobile,Australia,112,30.8,123,3.42,12,7,1,1,1,4.54,85.52,10.71,0.38,18.84
1753,2026-06-22,Holiday Teaser,Referral,Desktop,Australia,199,51.5,145,3.53,7,3,1,0,0,17.78,0.0,3.52,2.54,0.0
1755,2026-06-22,Product Webinar Series,Affiliate,Tablet,Australia,178,46.8,154,1.54,5,1,0,0,0,159.26,0.0,2.81,31.85,0.0
1754,2026-06-22,Referral Rewards,Organic Search,Desktop,UK,193,40.8,116,4.43,9,6,3,0,0,0.0,0.0,4.66,0.0,
1756,2026-06-23,Brand Awareness Q2,Referral,Tablet,USA,182,63.5,373,1.59,19,6,5,2,2,15.31,199.2,10.44,0.81,13.01
1760,2026-06-23,New Customer Promo,Email,Desktop,India,170,32.8,296,4.42,16,6,3,1,1,8.52,434.72,9.41,0.53,51.02
1761,2026-06-23,Newsletter Signup Drive,Paid Search,Tablet,UK,187,68.6,81,4.27,13,6,0,0,0,399.89,0.0,6.95,30.76,0.0
1759,2026-06-23,Product Webinar Series,Affiliate,Tablet,UAE,176,43.5,395,3.64,7,4,1,0,0,127.44,0.0,3.98,18.21,0.0
1758,2026-06-23,Spring Launch,Paid Search,Tablet,UK,191,58.3,252,4.73,14,5,4,4,2,320.38,449.16,7.33,22.88,1.4
1757,2026-06-23,Summer Sale 2026,Paid Search,Mobile,USA,161,50.2,227,5.55,6,3,1,0,0,300.91,0.0,3.73,50.15,0.0
1762,2026-06-24,Free Trial Push,Affiliate,Tablet,Germany,167,40.4,69,2.12,5,4,0,0,0,173.29,0.0,2.99,34.66,0.0
1765,2026-06-24,Holiday Teaser,Email,Desktop,UAE,176,34.3,309,3.54,19,14,7,5,2,8.76,497.52,10.8,0.46,56.79
1766,2026-06-24,Newsletter Signup Drive,Organic Search,Mobile,Australia,214,43.5,129,6.49,16,7,4,3,1,0.0,275.38,7.48,0.0,
1763,2026-06-24,Product Webinar Series,Organic Search,Tablet,Germany,180,63.5,123,2.87,7,3,2,2,0,0.0,0.0,3.89,0.0,
1764,2026-06-24,Referral Rewards,Social Media,Desktop,USA,181,37.7,341,1.37,8,3,2,2,0,225.43,0.0,4.42,28.18,0.0
1767,2026-06-24,Spring Launch,Affiliate,Tablet,Australia,155,41.5,391,3.45,10,6,4,4,0,143.58,0.0,6.45,14.36,0.0
1770,2026-06-25,Brand Awareness Q2,Direct,Tablet,Germany,168,49.8,253,4.91,6,4,2,0,0,0.0,0.0,3.57,0.0,
1773,2026-06-25,Newsletter Signup Drive,Paid Search,Tablet,USA,213,62.9,269,3.28,16,12,7,4,2,399.36,200.36,7.51,24.96,0.5
1768,2026-06-25,Product Webinar Series,Paid Search,Mobile,Australia,164,46.8,152,2.08,16,8,4,4,2,265.93,866.62,9.76,16.62,3.26
1771,2026-06-25,Referral Rewards,Email,Desktop,UAE,187,34.5,175,1.45,17,7,2,2,2,7.72,706.73,9.09,0.45,91.55
1772,2026-06-25,Retargeting - Cart Abandoners,Referral,Mobile,UAE,168,33.4,272,3.13,9,3,3,2,2,18.86,172.24,5.36,2.1,9.13
1769,2026-06-25,Summer Sale 2026,Email,Mobile,UK,169,61.8,141,1.91,22,7,2,1,1,9.4,85.7,13.02,0.43,9.12
1774,2026-06-26,Brand Awareness Q2,Direct,Tablet,UK,184,28.5,187,6.21,8,3,1,0,0,0.0,0.0,4.35,0.0,
1775,2026-06-26,New Customer Promo,Direct,Mobile,India,168,48.9,282,4.54,7,4,2,0,0,0.0,0.0,4.17,0.0,
1776,2026-06-26,Referral Rewards,Social Media,Desktop,USA,198,29.9,75,4.31,5,1,1,1,0,258.51,0.0,2.53,51.7,0.0
1777,2026-06-27,Brand Awareness Q2,Affiliate,Mobile,USA,121,57.3,356,4.55,4,3,1,1,0,120.45,0.0,3.31,30.11,0.0
1778,2026-06-27,Holiday Teaser,Paid Search,Desktop,UK,123,61.9,196,4.36,2,1,1,0,0,218.81,0.0,1.63,109.4,0.0
1779,2026-06-27,Product Webinar Series,Email,Mobile,Australia,140,63.7,378,2.19,13,4,3,3,0,7.37,0.0,9.29,0.57,0.0
1784,2026-06-28,Brand Awareness Q2,Referral,Desktop,Australia,120,55.7,188,4.29,6,3,1,0,0,12.67,0.0,5.0,2.11,0.0
1785,2026-06-28,Free Trial Push,Referral,Desktop,Germany,133,64.5,96,5.41,11,8,2,1,1,14.48,132.13,8.27,1.32,9.12
1783,2026-06-28,New Customer Promo,Affiliate,Desktop,Germany,130,27.3,154,5.17,7,5,0,0,0,98.01,0.0,5.38,14.0,0.0
1782,2026-06-28,Newsletter Signup Drive,Social Media,Mobile,Canada,119,37.0,253,4.71,0,0,0,0,0,132.95,0.0,0.0,0.0,0.0
1780,2026-06-28,Spring Launch,Referral,Tablet,UAE,120,57.3,109,5.0,10,4,0,0,0,9.91,0.0,8.33,0.99,0.0
1781,2026-06-28,Summer Sale 2026,Social Media,Mobile,USA,135,33.1,135,3.56,4,2,2,2,1,173.27,226.0,2.96,43.32,1.3
1788,2026-06-29,Brand Awareness Q2,Social Media,Mobile,UAE,204,32.8,50,4.65,7,5,4,2,0,182.06,0.0,3.43,26.01,0.0
1789,2026-06-29,Free Trial Push,Organic Search,Mobile,India,195,67.1,140,3.04,8,2,1,0,0,0.0,0.0,4.1,0.0,
1786,2026-06-29,New Customer Promo,Paid Search,Desktop,UK,178,57.0,51,4.13,7,4,0,0,0,265.59,0.0,3.93,37.94,0.0
1787,2026-06-29,Newsletter Signup Drive,Email,Mobile,Canada,158,46.1,116,4.28,20,11,6,2,1,6.87,175.7,12.66,0.34,25.57
1790,2026-06-29,Referral Rewards,Paid Search,Tablet,Germany,189,49.4,325,1.3,10,5,4,3,2,290.69,345.28,5.29,29.07,1.19
1791,2026-06-29,Retargeting - Cart Abandoners,Email,Tablet,Australia,174,27.4,332,5.55,15,10,4,2,1,7.16,337.62,8.62,0.48,47.15
1792,2026-06-30,Holiday Teaser,Organic Search,Mobile,India,169,60.7,385,3.41,8,4,0,0,0,0.0,0.0,4.73,0.0,
1794,2026-06-30,New Customer Promo,Affiliate,Mobile,Canada,172,28.8,221,2.32,8,3,2,2,0,182.24,0.0,4.65,22.78,0.0
1795,2026-06-30,Newsletter Signup Drive,Social Media,Mobile,UAE,176,60.1,155,2.07,4,3,2,1,1,185.91,272.93,2.27,46.48,1.47
1793,2026-06-30,Spring Launch,Affiliate,Tablet,Canada,180,32.8,168,3.35,5,1,1,0,0,136.78,0.0,2.78,27.36,0.0
